"HITId","HITTypeId","Title","Description","Keywords","Reward","CreationTime","MaxAssignments","RequesterAnnotation","AssignmentDurationInSeconds","AutoApprovalDelayInSeconds","Expiration","NumberOfSimilarHITs","LifetimeInSeconds","AssignmentId","WorkerId","AssignmentStatus","AcceptTime","SubmitTime","AutoApprovalTime","ApprovalTime","RejectionTime","RequesterFeedback","WorkTimeInSeconds","LifetimeApprovalRate","Last30DaysApprovalRate","Last7DaysApprovalRate","Input.img_url","Answer.answer0","Answer.answer1","Answer.answer2","Answer.question0","Answer.question1","Answer.question2","Approve","Reject"
"3G3AJKPCXKRP34H4W19LLD1HU4R4YB","3BEAH6X9Z79DGA1G3RDQ4JMC4BM8SF","Ask questions about Coronavirus infographics","Ask questions about a COVID infographic image.","question, answer, text, infographics, COVID, SARS-CoV-2","$0.06","Fri Oct 02 02:09:51 PDT 2020","1","BatchId:4205275;OriginalHitTemplateId:928390828;","10800","604800","Fri Oct 09 02:09:51 PDT 2020","","","3DHE4R9OCWAI1JFBOK9T9IT3KHQG2P","ADMYEPI3S1FX0","Submitted","Fri Oct 02 05:29:40 PDT 2020","Fri Oct 02 05:30:36 PDT 2020","Fri Oct 09 05:30:36 PDT 2020","","","","56","0% (0/0)","0% (0/0)","0% (0/0)","119_Covid/43.100_day_20fight_20against_20covid_19.jpg","Jan 23, 2020","271","52","When were the first 2 cases of Coronavirus reported in VN?","How many Covid patients are in VN?","How many active cases are in VN?"
"3G9UA71JVUTWR24OCZ6PE2638287J4","3BEAH6X9Z79DGA1G3RDQ4JMC4BM8SF","Ask questions about Coronavirus infographics","Ask questions about a COVID infographic image.","question, answer, text, infographics, COVID, SARS-CoV-2","$0.06","Fri Oct 02 02:09:51 PDT 2020","1","BatchId:4205275;OriginalHitTemplateId:928390828;","10800","604800","Fri Oct 09 02:09:51 PDT 2020","","","3X0H8UUIT1N734M9X4SHM3SVCY4SWQ","A2TEWO3WJ5YKGG","Submitted","Fri Oct 02 02:41:50 PDT 2020","Fri Oct 02 05:18:41 PDT 2020","Fri Oct 09 05:18:41 PDT 2020","","","","9411","0% (0/0)","0% (0/0)","0% (0/0)","119_Covid/54.mining_infographic_enhanced_measures_covid_19_workplace_safety_north_0.png","2 M","","","How  much spacing is needed for social distancing?","",""
"371Q3BEXDG88AFTKIO7MXNQPEEXZS3","3BEAH6X9Z79DGA1G3RDQ4JMC4BM8SF","Ask questions about Coronavirus infographics","Ask questions about a COVID infographic image.","question, answer, text, infographics, COVID, SARS-CoV-2","$0.06","Fri Oct 02 02:09:51 PDT 2020","1","BatchId:4205275;OriginalHitTemplateId:928390828;","10800","604800","Fri Oct 09 02:09:51 PDT 2020","","","3WYP994K17Q65BJC5S726VHJ5G1Y61","A23BGNP50WTKI2","Submitted","Fri Oct 02 02:17:38 PDT 2020","Fri Oct 02 02:19:52 PDT 2020","Fri Oct 09 02:19:52 PDT 2020","","","","134","100% (30/30)","0% (0/0)","0% (0/0)","119_Covid/4.covid_19_20response_20_20ahan_20report.jpg","10700 gloves","Total $38.000","79 health facilities","How much medical gloves were spent?","How much money were spent for the support?","How much health facilities were supported?"
"3UEDKCTP9UPR2MA6UK61FH6GNR87K3","3BEAH6X9Z79DGA1G3RDQ4JMC4BM8SF","Ask questions about Coronavirus infographics","Ask questions about a COVID infographic image.","question, answer, text, infographics, COVID, SARS-CoV-2","$0.06","Fri Oct 02 02:09:51 PDT 2020","1","BatchId:4205275;OriginalHitTemplateId:928390828;","10800","604800","Fri Oct 09 02:09:51 PDT 2020","","","339ANSOTR51REQPW3EF0UQSDGSOKIN","A3MGTGM9LXXKY9","Submitted","Fri Oct 02 02:19:31 PDT 2020","Fri Oct 02 02:24:26 PDT 2020","Fri Oct 09 02:24:26 PDT 2020","","","","295","0% (0/0)","0% (0/0)","0% (0/0)","119_Covid/108.infographic_on_how_to_avoid_bringing_the_coronavirus_at_home.jpg","You will, if you touched virus on a trolley","20 seconds or more","you should not touch it","Will I contact Coronavirus from touching a trolley?","How many minutes to clean your hands?","Can touch my mask while wearing it?"
"3MVY4USGB5MMFP4AIKJ0XSNZI1VSIZ","3BEAH6X9Z79DGA1G3RDQ4JMC4BM8SF","Ask questions about Coronavirus infographics","Ask questions about a COVID infographic image.","question, answer, text, infographics, COVID, SARS-CoV-2","$0.06","Fri Oct 02 02:09:51 PDT 2020","1","BatchId:4205275;OriginalHitTemplateId:928390828;","10800","604800","Fri Oct 09 02:09:51 PDT 2020","","","3LPW2N6LKT1T5YZTQ808B4X6D07U5H","A2W45PHSNVS5LN","Submitted","Fri Oct 02 08:22:55 PDT 2020","Fri Oct 02 08:27:27 PDT 2020","Fri Oct 09 08:27:27 PDT 2020","","","","272","0% (0/0)","0% (0/0)","0% (0/0)","119_Covid/1.clothing_masks_infographic__web__part_2.png","The most common symptoms of COVID-19 are fever, dr","People can catch COVID-19 from others who have the","Before touching the mask, clean hands with an alco","What are the symptoms of COVID-19?","How does COVID-19 spread?","How to properly wear a medical mask?"
"3M93N4X8HJMIA0OG02409T2ZVGKSJB","3BEAH6X9Z79DGA1G3RDQ4JMC4BM8SF","Ask questions about Coronavirus infographics","Ask questions about a COVID infographic image.","question, answer, text, infographics, COVID, SARS-CoV-2","$0.06","Fri Oct 02 02:09:51 PDT 2020","1","BatchId:4205275;OriginalHitTemplateId:928390828;","10800","604800","Fri Oct 09 02:09:51 PDT 2020","","","3C5W7UE9CFPJU9EUNCSHCD7WTAQXM8","ADMYEPI3S1FX0","Submitted","Fri Oct 02 02:33:15 PDT 2020","Fri Oct 02 02:35:27 PDT 2020","Fri Oct 09 02:35:27 PDT 2020","","","","132","0% (0/0)","0% (0/0)","0% (0/0)","119_Covid/45.impact_20may.png","At least 64","At least 30","At least 14","How many countries postponed elections?","How many countries held elections?","How many countries held national elections or referendums?"
"3ZXNP4Z39QK2MSSOFKI2UHJVCRD7L6","3BEAH6X9Z79DGA1G3RDQ4JMC4BM8SF","Ask questions about Coronavirus infographics","Ask questions about a COVID infographic image.","question, answer, text, infographics, COVID, SARS-CoV-2","$0.06","Fri Oct 02 02:09:51 PDT 2020","1","BatchId:4205275;OriginalHitTemplateId:928390828;","10800","604800","Fri Oct 09 02:09:51 PDT 2020","","","3JZQSN0I3Q922DRNCFO0T1NSTJJFGS","A329CKW65AYB5K","Submitted","Fri Oct 02 02:36:38 PDT 2020","Fri Oct 02 02:41:44 PDT 2020","Fri Oct 09 02:41:44 PDT 2020","","","","306","0% (0/0)","0% (0/0)","0% (0/0)","119_Covid/94.infographic_cdc_protects_508.jpg","Community members","Community members","","Who provides information on home care?","Who encourages social distancing?",""
"3T6EIBTM9KN39BZIPW5WVU5AJNKAAI","3BEAH6X9Z79DGA1G3RDQ4JMC4BM8SF","Ask questions about Coronavirus infographics","Ask questions about a COVID infographic image.","question, answer, text, infographics, COVID, SARS-CoV-2","$0.06","Fri Oct 02 02:09:51 PDT 2020","1","BatchId:4205275;OriginalHitTemplateId:928390828;","10800","604800","Fri Oct 09 02:09:51 PDT 2020","","","3EICBYG644V5Q3XETJJ2I8U5OZ9JCS","A4MMKD1EKELBO","Submitted","Fri Oct 02 02:40:28 PDT 2020","Fri Oct 02 02:48:53 PDT 2020","Fri Oct 09 02:48:53 PDT 2020","","","","505","0% (0/0)","0% (0/0)","0% (0/0)","119_Covid/83.21855.jpeg","It increased more in Europe","36%","27%","Did mask users percent increase more in Germany or in China?","How much did mask usage increase in Germany?","How mupch did mask usage increase in the USA?"
"3QX22DUVONGO30B5XUMX08ENYE9VMN","3BEAH6X9Z79DGA1G3RDQ4JMC4BM8SF","Ask questions about Coronavirus infographics","Ask questions about a COVID infographic image.","question, answer, text, infographics, COVID, SARS-CoV-2","$0.06","Fri Oct 02 02:09:52 PDT 2020","1","BatchId:4205275;OriginalHitTemplateId:928390828;","10800","604800","Fri Oct 09 02:09:52 PDT 2020","","","3R9WASFE2ZF2TUMS27CPE83Y4CPFZZ","AUE4ASO5MB0L6","Submitted","Fri Oct 02 07:55:20 PDT 2020","Fri Oct 02 07:56:19 PDT 2020","Fri Oct 09 07:56:19 PDT 2020","","","","59","0% (0/0)","0% (0/0)","0% (0/0)","119_Covid/67.21855.jpeg","no","no","yes","yes","yes","no"
"3YOAVL4CAZGP8UR9SNB4ZKAJ0YV4Z2","3BEAH6X9Z79DGA1G3RDQ4JMC4BM8SF","Ask questions about Coronavirus infographics","Ask questions about a COVID infographic image.","question, answer, text, infographics, COVID, SARS-CoV-2","$0.06","Fri Oct 02 02:09:52 PDT 2020","1","BatchId:4205275;OriginalHitTemplateId:928390828;","10800","604800","Fri Oct 09 02:09:52 PDT 2020","","","3AMW0RGHOD1K3IX3DMX0VFATW3APNZ","ABUHMEYR6GS8R","Submitted","Fri Oct 02 05:56:37 PDT 2020","Fri Oct 02 06:02:52 PDT 2020","Fri Oct 09 06:02:52 PDT 2020","","","","375","0% (0/0)","0% (0/0)","0% (0/0)","119_Covid/55.who_workplace_health_l10_slide_2_1200px.png","CORONAVIRUS IS VERY DANGER VIRUS","ALL COUNTRIES","YES","WHAT IS CORONAVIRUS ?","HOW MANY COUNTRIES OF CORONAVIRUS PROBLEMS","CORONAVIRUS VACHINS EXPORTED MY COUNTRY"
"33W1NHWFYGK9PF6Z7OCC7SMBGXBZTS","3BEAH6X9Z79DGA1G3RDQ4JMC4BM8SF","Ask questions about Coronavirus infographics","Ask questions about a COVID infographic image.","question, answer, text, infographics, COVID, SARS-CoV-2","$0.06","Fri Oct 02 02:09:52 PDT 2020","1","BatchId:4205275;OriginalHitTemplateId:928390828;","10800","604800","Fri Oct 09 02:09:52 PDT 2020","","","3IJXV6UZ1XID1U2RTYOXV2ERBKIRIN","A3K82VQX10R4E4","Submitted","Fri Oct 02 02:19:53 PDT 2020","Fri Oct 02 02:22:13 PDT 2020","Fri Oct 09 02:22:13 PDT 2020","","","","140","0% (0/0)","0% (0/0)","0% (0/0)","119_Covid/63.break_chain_infographic.jpg","To break the chain prevent and be calm.","Only if they have been disinfected.","First and foremost wash your hands.","Should I panic or stay calm?","Can I touch surfaces?","How do I break the chain?"
"3TD33TP5DK18SL4AVA5SQ5PG155ABD","3BEAH6X9Z79DGA1G3RDQ4JMC4BM8SF","Ask questions about Coronavirus infographics","Ask questions about a COVID infographic image.","question, answer, text, infographics, COVID, SARS-CoV-2","$0.06","Fri Oct 02 02:09:52 PDT 2020","1","BatchId:4205275;OriginalHitTemplateId:928390828;","10800","604800","Fri Oct 09 02:09:52 PDT 2020","","","384PI804XS0EVELO4XZWF8JRBSN0SS","A261EKFB0XIK7M","Submitted","Fri Oct 02 02:30:14 PDT 2020","Fri Oct 02 02:31:42 PDT 2020","Fri Oct 09 02:31:42 PDT 2020","","","","88","0% (0/0)","0% (0/0)","0% (0/0)","119_Covid/46.07_covid_19_normal_life_infographics_blog.png","People have been more conscious about their health","","","What are some good things that came out of this Covid-19 pandemic?","",""
"3XDSWAMB21RJP63XY6Y9RPA3N8RCQT","3BEAH6X9Z79DGA1G3RDQ4JMC4BM8SF","Ask questions about Coronavirus infographics","Ask questions about a COVID infographic image.","question, answer, text, infographics, COVID, SARS-CoV-2","$0.06","Fri Oct 02 02:09:52 PDT 2020","1","BatchId:4205275;OriginalHitTemplateId:928390828;","10800","604800","Fri Oct 09 02:09:52 PDT 2020","","","3I2PTA7R3TT4VODFGMK93SJZ74LKQA","ADMYEPI3S1FX0","Submitted","Fri Oct 02 05:31:36 PDT 2020","Fri Oct 02 05:32:32 PDT 2020","Fri Oct 09 05:32:32 PDT 2020","","","","56","0% (0/0)","0% (0/0)","0% (0/0)","119_Covid/84.covid_infographic_scaled.jpeg","Cough, fever, shortness of breath","20 seconds","Those ages +60","What are the main symptoms?","How long should you wash your hands for?","What age group are most at risk?"
"3VZYA8PITNXA2SPJ2YHMYDDBIN750G","3BEAH6X9Z79DGA1G3RDQ4JMC4BM8SF","Ask questions about Coronavirus infographics","Ask questions about a COVID infographic image.","question, answer, text, infographics, COVID, SARS-CoV-2","$0.06","Fri Oct 02 02:09:52 PDT 2020","1","BatchId:4205275;OriginalHitTemplateId:928390828;","10800","604800","Fri Oct 09 02:09:52 PDT 2020","","","3QILPRALQ5UZXQYMR5VP9TF37RRN8Q","A261EKFB0XIK7M","Submitted","Fri Oct 02 02:33:38 PDT 2020","Fri Oct 02 02:34:43 PDT 2020","Fri Oct 09 02:34:43 PDT 2020","","","","65","0% (0/0)","0% (0/0)","0% (0/0)","119_Covid/21.testing_full_20size_pcr_antibody.png","PCR testing and Antibody testing","","","What are the two tests needed after getting infected with the SARS-CoV-2 virus?","",""
"302U8RURJY0ULIW59V1XDN3N34JVNN","3BEAH6X9Z79DGA1G3RDQ4JMC4BM8SF","Ask questions about Coronavirus infographics","Ask questions about a COVID infographic image.","question, answer, text, infographics, COVID, SARS-CoV-2","$0.06","Fri Oct 02 02:09:52 PDT 2020","1","BatchId:4205275;OriginalHitTemplateId:928390828;","10800","604800","Fri Oct 09 02:09:52 PDT 2020","","","3IO1LGZLK9WRQ5SUSO987ITHC13862","A3TKUXUTDX6FBF","Submitted","Fri Oct 02 02:34:57 PDT 2020","Fri Oct 02 02:36:54 PDT 2020","Fri Oct 09 02:36:54 PDT 2020","","","","117","100% (12/12)","0% (0/0)","0% (0/0)","119_Covid/78.covid_disabililties_infographics_2.jpg","100.4Â°C","Doctor","","What is the minimum temperature for high fever?","To whom I  supposed to call if I feel sick?",""
"3ULIZ0H1V94A9HA1YHLMCIWLNFD51J","3BEAH6X9Z79DGA1G3RDQ4JMC4BM8SF","Ask questions about Coronavirus infographics","Ask questions about a COVID infographic image.","question, answer, text, infographics, COVID, SARS-CoV-2","$0.06","Fri Oct 02 02:09:52 PDT 2020","1","BatchId:4205275;OriginalHitTemplateId:928390828;","10800","604800","Fri Oct 09 02:09:52 PDT 2020","","","3R2UR8A0IAF7UCZ60S7U4HW1OETXOJ","A39ATQNAP1K83T","Submitted","Fri Oct 02 10:46:40 PDT 2020","Fri Oct 02 10:52:56 PDT 2020","Fri Oct 09 10:52:56 PDT 2020","","","","376","0% (0/0)","0% (0/0)","0% (0/0)","119_Covid/47.coronavirus_airport_check_infographic_by_the_tsa_1_1024x791.png","No, only TSA officers are required to wear gloves.","Yes, as long as it is 12 ounces","6 feet","Are travelers obliged to wear gloves?","Are travelers allowed to have sand sanitaizer in their bags?","How far do travelers have to be from people"
"3BDORL6HKJCJ17IXBLN9WFK8JUTCRU","3BEAH6X9Z79DGA1G3RDQ4JMC4BM8SF","Ask questions about Coronavirus infographics","Ask questions about a COVID infographic image.","question, answer, text, infographics, COVID, SARS-CoV-2","$0.06","Fri Oct 02 02:09:52 PDT 2020","1","BatchId:4205275;OriginalHitTemplateId:928390828;","10800","604800","Fri Oct 09 02:09:52 PDT 2020","","","3N1FSUEFL5ZPSDK7Q8R9WCN4R2V4DM","AU3UQGQLZSY61","Submitted","Fri Oct 02 02:40:31 PDT 2020","Fri Oct 02 02:47:20 PDT 2020","Fri Oct 09 02:47:20 PDT 2020","","","","409","0% (0/0)","0% (0/0)","0% (0/0)","119_Covid/44.covid_19_stop_the_spread_of_germsenglish.png","by being safe and keep distance with the people","we must trash over tissue in the garbage.","To avoid from the corona virus and to be protected","how should we stop the corona virus?","where should be throw over tissue?","why should be keep ourselves and surroundings clean?"
"301KG0KX9BKTEVCSINM96Y9GKUI2HE","3BEAH6X9Z79DGA1G3RDQ4JMC4BM8SF","Ask questions about Coronavirus infographics","Ask questions about a COVID infographic image.","question, answer, text, infographics, COVID, SARS-CoV-2","$0.06","Fri Oct 02 02:09:52 PDT 2020","1","BatchId:4205275;OriginalHitTemplateId:928390828;","10800","604800","Fri Oct 09 02:09:52 PDT 2020","","","3RU7GD8VPOSHJVP8LIEMU9KZJ0YPSN","A31CNXHGR49DJR","Submitted","Fri Oct 02 02:28:53 PDT 2020","Fri Oct 02 02:36:15 PDT 2020","Fri Oct 09 02:36:15 PDT 2020","","","","442","100% (25/25)","0% (0/0)","0% (0/0)","119_Covid/82.tourism_sector_and_covid_19_april_2020_circulo_de_empresarios.jpg","20% to 30%","Europe, Latin America and the Middle East","800,000","How much will world tourist arrivals fall due to the coronavirus?","In which countries will the loss of air transport revenue be concentrated in?","How many jobs are at risk in Spain due to the tourism slump?"
"3ZFRE2BDQ8DG6WFJCYD9WV7HTTZXZ9","3BEAH6X9Z79DGA1G3RDQ4JMC4BM8SF","Ask questions about Coronavirus infographics","Ask questions about a COVID infographic image.","question, answer, text, infographics, COVID, SARS-CoV-2","$0.06","Fri Oct 02 02:09:52 PDT 2020","1","BatchId:4205275;OriginalHitTemplateId:928390828;","10800","604800","Fri Oct 09 02:09:52 PDT 2020","","","3OS46CRSLFYP1HO70HKIZWDPNZ36V4","A2QHVJ6FV5BB1S","Submitted","Fri Oct 02 02:31:33 PDT 2020","Fri Oct 02 02:38:32 PDT 2020","Fri Oct 09 02:38:32 PDT 2020","","","","419","0% (0/0)","0% (0/0)","0% (0/0)","119_Covid/38.covid_19_ba_infographic_card.png","It's 273","","","What is the number of confirmed covid-19 cases in Washington?","",""
"3B9J25CZ24CV2MIAQANEMPP45WCCSI","3BEAH6X9Z79DGA1G3RDQ4JMC4BM8SF","Ask questions about Coronavirus infographics","Ask questions about a COVID infographic image.","question, answer, text, infographics, COVID, SARS-CoV-2","$0.06","Fri Oct 02 02:09:52 PDT 2020","1","BatchId:4205275;OriginalHitTemplateId:928390828;","10800","604800","Fri Oct 09 02:09:52 PDT 2020","","","36TFCYNS449X2VDJWFC4K8Z0COKXHS","A1ALNV9FU7M77Y","Submitted","Fri Oct 02 02:12:02 PDT 2020","Fri Oct 02 02:15:03 PDT 2020","Fri Oct 09 02:15:03 PDT 2020","","","","181","0% (0/0)","0% (0/0)","0% (0/0)","119_Covid/86.coronavirus_country_map_infographics_23_2148487333.jpg","second","China","Germany","where is Italy in the list of top 5?","who has the highest amount of cases?","who has the 5th highest number of cases?"
"3Y7LTZE0YSLOPSLO7T2MCO8DZBIZUJ","3BEAH6X9Z79DGA1G3RDQ4JMC4BM8SF","Ask questions about Coronavirus infographics","Ask questions about a COVID infographic image.","question, answer, text, infographics, COVID, SARS-CoV-2","$0.06","Fri Oct 02 02:09:52 PDT 2020","1","BatchId:4205275;OriginalHitTemplateId:928390828;","10800","604800","Fri Oct 09 02:09:52 PDT 2020","","","3QILPRALQ5UZXQYMR5VP9TF37RP8N9","A3K82VQX10R4E4","Submitted","Fri Oct 02 02:22:20 PDT 2020","Fri Oct 02 02:23:17 PDT 2020","Fri Oct 09 02:23:17 PDT 2020","","","","57","0% (0/0)","0% (0/0)","0% (0/0)","119_Covid/24.coping_20with_20covid_19.png","You should get plenty of sunlight.","","","What should I do to take care of my health?","",""
"3G57RS03HG4HY2SXHLL0H16QFLR520","3BEAH6X9Z79DGA1G3RDQ4JMC4BM8SF","Ask questions about Coronavirus infographics","Ask questions about a COVID infographic image.","question, answer, text, infographics, COVID, SARS-CoV-2","$0.06","Fri Oct 02 02:09:52 PDT 2020","1","BatchId:4205275;OriginalHitTemplateId:928390828;","10800","604800","Fri Oct 09 02:09:52 PDT 2020","","","340UGXU9DY0A3SE8WZILF2R5QO7UVM","A13POAI7GIMYET","Submitted","Fri Oct 02 08:16:54 PDT 2020","Fri Oct 02 08:24:22 PDT 2020","Fri Oct 09 08:24:22 PDT 2020","","","","448","0% (0/0)","0% (0/0)","0% (0/0)","119_Covid/19.who_workplace_health_l10_slide_1_1200px.png","95,349","97.4%","Health workers, for example","How many were work-related deaths?","What percentage of work-related deaths due to HIV/AIDS?","What is the high-risk work population?"
"39RRBHZ0AT0O27AOCJCR8AAWDIRZV8","3BEAH6X9Z79DGA1G3RDQ4JMC4BM8SF","Ask questions about Coronavirus infographics","Ask questions about a COVID infographic image.","question, answer, text, infographics, COVID, SARS-CoV-2","$0.06","Fri Oct 02 02:09:52 PDT 2020","1","BatchId:4205275;OriginalHitTemplateId:928390828;","10800","604800","Fri Oct 09 02:09:52 PDT 2020","","","3PS7W85Z8Z1X68MGTTNFIOG6GFTT9K","A3TKUXUTDX6FBF","Submitted","Fri Oct 02 02:23:00 PDT 2020","Fri Oct 02 02:26:07 PDT 2020","Fri Oct 09 02:26:07 PDT 2020","","","","187","100% (12/12)","0% (0/0)","0% (0/0)","119_Covid/54.decarbonisation_infographic.jpg","100,000 Jobs.","US.","","How much clean energy job were lost?","who has suspend the enforcement of environmental legislation?",""
"35U0MRQMUI6C33WHAA1ASC3STEOVO2","3BEAH6X9Z79DGA1G3RDQ4JMC4BM8SF","Ask questions about Coronavirus infographics","Ask questions about a COVID infographic image.","question, answer, text, infographics, COVID, SARS-CoV-2","$0.06","Fri Oct 02 02:09:52 PDT 2020","1","BatchId:4205275;OriginalHitTemplateId:928390828;","10800","604800","Fri Oct 09 02:09:52 PDT 2020","","","3LS2AMNW5FPNLFYUEEC2A908R7GQOH","A3TKUXUTDX6FBF","Submitted","Fri Oct 02 02:23:04 PDT 2020","Fri Oct 02 02:30:36 PDT 2020","Fri Oct 09 02:30:36 PDT 2020","","","","452","100% (12/12)","0% (0/0)","0% (0/0)","119_Covid/98.infographic_covid_19_20myths_20versus_20facts.jpg","Heat can be kill the corona virus.","Mosquito bite can leads to corona virus.","","What is lie factor about heat and corona virus?","What is lie factor about mosquito and corona virus?",""
"3TX9T2ZCB801HWAT2THNUCTAKRTZWI","3BEAH6X9Z79DGA1G3RDQ4JMC4BM8SF","Ask questions about Coronavirus infographics","Ask questions about a COVID infographic image.","question, answer, text, infographics, COVID, SARS-CoV-2","$0.06","Fri Oct 02 02:09:52 PDT 2020","1","BatchId:4205275;OriginalHitTemplateId:928390828;","10800","604800","Fri Oct 09 02:09:52 PDT 2020","","","3RXPCZQMQPABCYXF5G9F4ZJYSE51GS","A2P82UXQB7ZNCE","Submitted","Fri Oct 02 11:44:54 PDT 2020","Fri Oct 02 11:50:02 PDT 2020","Fri Oct 09 11:50:02 PDT 2020","","","","308","0% (0/0)","0% (0/0)","0% (0/0)","119_Covid/5.covid_19_infection_prevention_control_for_primary_care._infographic.png","A face mask","Hand washing","Physiscal distancing","What can you wear to prevent the spread of infection?","What measures of hygiene can you follow?","What measure should you observed when possible regarding to proximity with other people?"
"3ZFRE2BDQ8DG6WFJCYD9WV7HTTZZXB","3BEAH6X9Z79DGA1G3RDQ4JMC4BM8SF","Ask questions about Coronavirus infographics","Ask questions about a COVID infographic image.","question, answer, text, infographics, COVID, SARS-CoV-2","$0.06","Fri Oct 02 02:09:52 PDT 2020","1","BatchId:4205275;OriginalHitTemplateId:928390828;","10800","604800","Fri Oct 09 02:09:52 PDT 2020","","","3IJXV6UZ1XID1U2RTYOXV2ERBKKIRG","AR7CE2FTFGUYA","Submitted","Fri Oct 02 02:26:11 PDT 2020","Fri Oct 02 02:27:45 PDT 2020","Fri Oct 09 02:27:45 PDT 2020","","","","94","0% (0/0)","0% (0/0)","0% (0/0)","119_Covid/59.instruction.jpg","14 days","no, sleep in separate rooms","Frequently","How long should you quarantine after exposure to corona?","Should you still sleep with someone if you have corona?","How often should you clean your clothes infected with corona?"
"341YLJU21HYTAQNCO54U6AAVK7X2I7","3BEAH6X9Z79DGA1G3RDQ4JMC4BM8SF","Ask questions about Coronavirus infographics","Ask questions about a COVID infographic image.","question, answer, text, infographics, COVID, SARS-CoV-2","$0.06","Fri Oct 02 02:09:52 PDT 2020","1","BatchId:4205275;OriginalHitTemplateId:928390828;","10800","604800","Fri Oct 09 02:09:52 PDT 2020","","","3X65QVEQI0MBLTLEW4VFYN7XSNACLH","AYWN7BX8BHMI7","Submitted","Fri Oct 02 02:21:51 PDT 2020","Fri Oct 02 02:22:26 PDT 2020","Fri Oct 09 02:22:26 PDT 2020","","","","35","0% (0/0)","0% (0/0)","0% (0/0)","119_Covid/64.screen_shot_2020_03_12_at_7.37.40_am.png","Lungs","","","What organs does Coronavirus attack?","",""
"3X0EMNLXEOOUO38IPAEPHC8I3JKVPJ","3BEAH6X9Z79DGA1G3RDQ4JMC4BM8SF","Ask questions about Coronavirus infographics","Ask questions about a COVID infographic image.","question, answer, text, infographics, COVID, SARS-CoV-2","$0.06","Fri Oct 02 02:09:52 PDT 2020","1","BatchId:4205275;OriginalHitTemplateId:928390828;","10800","604800","Fri Oct 09 02:09:52 PDT 2020","","","3ZPPDN2SLVVVHP4J3YYKJ2G5D7LE9Y","ADMYEPI3S1FX0","Submitted","Fri Oct 02 05:30:37 PDT 2020","Fri Oct 02 05:31:35 PDT 2020","Fri Oct 09 05:31:35 PDT 2020","","","","58","0% (0/0)","0% (0/0)","0% (0/0)","119_Covid/7.infographic_1.jpg","Close person-to-person contact","Within 14 days of exposure","20 seconds","How does the virus usually spread?","When can symptoms develop?","How long should you was your hands for?"
"374UMBUHN4OWHMVPFAS4WULQ7FQCT7","3BEAH6X9Z79DGA1G3RDQ4JMC4BM8SF","Ask questions about Coronavirus infographics","Ask questions about a COVID infographic image.","question, answer, text, infographics, COVID, SARS-CoV-2","$0.06","Fri Oct 02 02:09:53 PDT 2020","1","BatchId:4205275;OriginalHitTemplateId:928390828;","10800","604800","Fri Oct 09 02:09:53 PDT 2020","","","36TFCYNS449X2VDJWFC4K8Z0CORXHZ","A2GMPM9J1XU785","Submitted","Fri Oct 02 02:33:06 PDT 2020","Fri Oct 02 02:33:23 PDT 2020","Fri Oct 09 02:33:23 PDT 2020","","","","17","0% (0/0)","0% (0/0)","0% (0/0)","119_Covid/88.1585895702_coronavirus_infographics_3.jpg","2000+","","","How many cases reported in india on between 24 March to 2 April","",""
"33EEIIWHK66FOF9XPNTEHHYS8F6VQA","3BEAH6X9Z79DGA1G3RDQ4JMC4BM8SF","Ask questions about Coronavirus infographics","Ask questions about a COVID infographic image.","question, answer, text, infographics, COVID, SARS-CoV-2","$0.06","Fri Oct 02 02:09:53 PDT 2020","1","BatchId:4205275;OriginalHitTemplateId:928390828;","10800","604800","Fri Oct 09 02:09:53 PDT 2020","","","3MH9DQ757WBRLVOD74JZF1OV36VGUP","A29PESWAX8ITK0","Submitted","Fri Oct 02 02:23:11 PDT 2020","Fri Oct 02 02:35:57 PDT 2020","Fri Oct 09 02:35:57 PDT 2020","","","","766","0% (0/0)","0% (0/0)","0% (0/0)","119_Covid/103.coronavirus_spread_infographic_1000x1545.jpg","The virus appears to spread easily among people","Symptom of the disease are fever, cough, tiredness","","what is the main reason for the spread of coivd-19????","what is the symptoms of covid-19???",""
"3SCKNODZ0WFSASV9RXYH79NKHMD7N8","3BEAH6X9Z79DGA1G3RDQ4JMC4BM8SF","Ask questions about Coronavirus infographics","Ask questions about a COVID infographic image.","question, answer, text, infographics, COVID, SARS-CoV-2","$0.06","Fri Oct 02 02:09:53 PDT 2020","1","BatchId:4205275;OriginalHitTemplateId:928390828;","10800","604800","Fri Oct 09 02:09:53 PDT 2020","","","3E47SOBEYQV9VSD8B1Y267F5BJFIC8","A3K82VQX10R4E4","Submitted","Fri Oct 02 02:17:38 PDT 2020","Fri Oct 02 02:19:51 PDT 2020","Fri Oct 09 02:19:51 PDT 2020","","","","133","0% (0/0)","0% (0/0)","0% (0/0)","119_Covid/6.infographic_2.jpeg","You are more at risk if you hug or shake hands.","As well as your face, do bot touch eyes or nose.","Refrain from sneezing on hands, use your elbow.","Does close contact with someone make you sick?","Should I avoid touching my face?","Can I sneeze into my hands or my elbow?"
"35XW21VSVFDO5QCG3NGDP8FRZ5PSLD","3BEAH6X9Z79DGA1G3RDQ4JMC4BM8SF","Ask questions about Coronavirus infographics","Ask questions about a COVID infographic image.","question, answer, text, infographics, COVID, SARS-CoV-2","$0.06","Fri Oct 02 02:09:53 PDT 2020","1","BatchId:4205275;OriginalHitTemplateId:928390828;","10800","604800","Fri Oct 09 02:09:53 PDT 2020","","","36DSNE9QZ5X6ZSUHJOSTD8OMDDSJOP","A29ZRKLOAJM707","Submitted","Fri Oct 02 02:41:14 PDT 2020","Fri Oct 02 02:48:22 PDT 2020","Fri Oct 09 02:48:22 PDT 2020","","","","428","0% (0/0)","0% (0/0)","0% (0/0)","119_Covid/65.coronavirus_country_map_infographics_template_23_2148505006.jpg","FEVER COUTH","There have been at least 317,400 confirmed cases o","coronavirus (COVID-19) spread fast during March a","WHAT IS COVID 19","Italy Covid Map and Case Count","Italy: coronavirus cases by region | Statista"
"32FESTC2NGPBHZAEFFIE1Q7SQTXCUY","3BEAH6X9Z79DGA1G3RDQ4JMC4BM8SF","Ask questions about Coronavirus infographics","Ask questions about a COVID infographic image.","question, answer, text, infographics, COVID, SARS-CoV-2","$0.06","Fri Oct 02 02:09:53 PDT 2020","1","BatchId:4205275;OriginalHitTemplateId:928390828;","10800","604800","Fri Oct 09 02:09:53 PDT 2020","","","3TYCR1GOTCIOTMWOOIFN9L8I15XZL4","A261EKFB0XIK7M","Submitted","Fri Oct 02 02:29:04 PDT 2020","Fri Oct 02 02:30:11 PDT 2020","Fri Oct 09 02:30:11 PDT 2020","","","","67","0% (0/0)","0% (0/0)","0% (0/0)","119_Covid/18.physical_distancing_infographic_1700x2200_791x1024.jpg","Staying at home is the number one option.","","","What is the first practice to avoid Covid-19?","",""
"3X4Q1O9UBGLASDVLSCYUMYNP7WI7ON","3BEAH6X9Z79DGA1G3RDQ4JMC4BM8SF","Ask questions about Coronavirus infographics","Ask questions about a COVID infographic image.","question, answer, text, infographics, COVID, SARS-CoV-2","$0.06","Fri Oct 02 02:09:53 PDT 2020","1","BatchId:4205275;OriginalHitTemplateId:928390828;","10800","604800","Fri Oct 09 02:09:53 PDT 2020","","","3OCHAWUVGOJO4LER20F1X0FS45PXKX","ASQ82PJ9L4O3R","Submitted","Fri Oct 02 02:13:36 PDT 2020","Fri Oct 02 02:22:41 PDT 2020","Fri Oct 09 02:22:41 PDT 2020","","","","545","0% (0/0)","0% (0/0)","0% (0/0)","119_Covid/66.coronavirus_20mythfacts_20infographics_branded.jpg","By wearing a mask all the time,sanitizing and main","No. The virus has not yet been detected in water.","You will be risking getting infected.","How can i protect myself?","Can i get the virus from food or water?","Can i hang out with my friends?"
"3MGHRFQY2KO84GZ3D0MJ9AB4DSAY0O","3BEAH6X9Z79DGA1G3RDQ4JMC4BM8SF","Ask questions about Coronavirus infographics","Ask questions about a COVID infographic image.","question, answer, text, infographics, COVID, SARS-CoV-2","$0.06","Fri Oct 02 02:09:53 PDT 2020","1","BatchId:4205275;OriginalHitTemplateId:928390828;","10800","604800","Fri Oct 09 02:09:53 PDT 2020","","","3HYA4D452RICNJJGD03BRXTRJ0BF26","A261EKFB0XIK7M","Submitted","Fri Oct 02 02:23:37 PDT 2020","Fri Oct 02 02:26:58 PDT 2020","Fri Oct 09 02:26:58 PDT 2020","","","","201","0% (0/0)","0% (0/0)","0% (0/0)","119_Covid/21.master.jpg","Chills, repeated shaking with chills, muscle pain","","","What symptoms manifest in an individual that is suspected to be Covid-positive?","",""
"30UZJB2POGB6JKOGLLZ50BBILZR53B","3BEAH6X9Z79DGA1G3RDQ4JMC4BM8SF","Ask questions about Coronavirus infographics","Ask questions about a COVID infographic image.","question, answer, text, infographics, COVID, SARS-CoV-2","$0.06","Fri Oct 02 02:09:53 PDT 2020","1","BatchId:4205275;OriginalHitTemplateId:928390828;","10800","604800","Fri Oct 09 02:09:53 PDT 2020","","","3RRCEFRB7MBWDGMNCC031MZ4OGD4B7","AYWN7BX8BHMI7","Submitted","Fri Oct 02 02:14:41 PDT 2020","Fri Oct 02 02:17:25 PDT 2020","Fri Oct 09 02:17:25 PDT 2020","","","","164","0% (0/0)","0% (0/0)","0% (0/0)","119_Covid/57.21427.jpeg","25%","27%","Reduce","What percentage of respondents expects domestic travel to increase?","What percentage of respondents expects domestic travel to reduce?","Does the majority of respondents expect international travel to reduce or increase?"
"3PMR2DOWON0R1G7KLZ4OAG3OZZN54W","3BEAH6X9Z79DGA1G3RDQ4JMC4BM8SF","Ask questions about Coronavirus infographics","Ask questions about a COVID infographic image.","question, answer, text, infographics, COVID, SARS-CoV-2","$0.06","Fri Oct 02 02:09:53 PDT 2020","1","BatchId:4205275;OriginalHitTemplateId:928390828;","10800","604800","Fri Oct 09 02:09:53 PDT 2020","","","35LDD5557A3DA9FNOTDSMJZUX19MK6","A3DV9JYPHPL6UJ","Submitted","Fri Oct 02 02:23:58 PDT 2020","Fri Oct 02 02:30:40 PDT 2020","Fri Oct 09 02:30:40 PDT 2020","","","","402","0% (0/0)","0% (0/0)","0% (0/0)","119_Covid/99.coronavirus_covid_ncov_disease_prevention_infographics_showing_symptoms_protection_tips_novel_alert_infected_persons_176764264.jpg","WARING MASK IS MY FIRST PREVENTION.","AVOID CONTACT WITH OTHERS AND STAYING HOME.","FEVER,COUGH,SORE THROAT,DYSPNEA,HEADACHE,TIREDNESS","IN THE EFFECT OF CORONO VIRUS WHAT IS YOUR FIRST PREVENTION PLEASE MENTION IT?","WRITE ABOUT PREVENTION OF CORONO VIRUS?","WHAT TYPES OF SYMPTOMS TO CAUSING CORONO VIRUS?"
"302OLP89DY6R2QWG9A1N1PVYJQ5ACK","3BEAH6X9Z79DGA1G3RDQ4JMC4BM8SF","Ask questions about Coronavirus infographics","Ask questions about a COVID infographic image.","question, answer, text, infographics, COVID, SARS-CoV-2","$0.06","Fri Oct 02 02:09:53 PDT 2020","1","BatchId:4205275;OriginalHitTemplateId:928390828;","10800","604800","Fri Oct 09 02:09:53 PDT 2020","","","3QAVNHZ3EM3NSEOGCQZOSSH9SM6ALY","A32XJPQGK5ISAT","Submitted","Fri Oct 02 05:37:59 PDT 2020","Fri Oct 02 05:47:19 PDT 2020","Fri Oct 09 05:47:19 PDT 2020","","","","560","0% (0/0)","0% (0/0)","0% (0/0)","119_Covid/51.covid19_or_coronavirus_infographics_elements_design_abstract_workflow_vector_id1264250957.jpg","to prevent from covid - 19","the second image indicates to wear a face mask","social distancing and stay safe at home","Why should we wash our hands?","What does the second image indicates?","what does the third and fourth image represents?"
"3HXCEECSQLS5615THUZBF9EQVZTZYH","3BEAH6X9Z79DGA1G3RDQ4JMC4BM8SF","Ask questions about Coronavirus infographics","Ask questions about a COVID infographic image.","question, answer, text, infographics, COVID, SARS-CoV-2","$0.06","Fri Oct 02 02:09:53 PDT 2020","1","BatchId:4205275;OriginalHitTemplateId:928390828;","10800","604800","Fri Oct 09 02:09:53 PDT 2020","","","3QL2OFSM96H19TOZ8HBUBFBMXJECNP","A3V8WQO07KE3F0","Submitted","Fri Oct 02 02:40:45 PDT 2020","Fri Oct 02 02:41:57 PDT 2020","Fri Oct 09 02:41:57 PDT 2020","","","","72","0% (0/0)","0% (0/0)","0% (0/0)","119_Covid/20.squared_english.png","your eyes, nose, face and mouth","At home","crowded areas","What should you avoid touching?","Where are you safest?","What should you avoid?"
"3HEADTGN2ORF0GOX22IEM78X418VRB","3BEAH6X9Z79DGA1G3RDQ4JMC4BM8SF","Ask questions about Coronavirus infographics","Ask questions about a COVID infographic image.","question, answer, text, infographics, COVID, SARS-CoV-2","$0.06","Fri Oct 02 02:09:53 PDT 2020","1","BatchId:4205275;OriginalHitTemplateId:928390828;","10800","604800","Fri Oct 09 02:09:53 PDT 2020","","","3YMTUJH0DSFW92G4CYRO1G5QUNF4TZ","ADMYEPI3S1FX0","Submitted","Fri Oct 02 02:20:23 PDT 2020","Fri Oct 02 02:22:55 PDT 2020","Fri Oct 09 02:22:55 PDT 2020","","","","152","0% (0/0)","0% (0/0)","0% (0/0)","119_Covid/52.covid19_symptoms.png","Fever, cough, shortness of breath","2-14 days after exposure","Seek medical advice","What are the symptoms of Coronavirus?","How long after exposure can symptoms appear?","What should you do if you develop symptoms?"
"3L21G7IH46V8B5KL9JQJNFUEIKGY1R","3BEAH6X9Z79DGA1G3RDQ4JMC4BM8SF","Ask questions about Coronavirus infographics","Ask questions about a COVID infographic image.","question, answer, text, infographics, COVID, SARS-CoV-2","$0.06","Fri Oct 02 02:09:53 PDT 2020","1","BatchId:4205275;OriginalHitTemplateId:928390828;","10800","604800","Fri Oct 09 02:09:53 PDT 2020","","","38SKSKU7R1W2YW7EOER19Q5S5SWILR","ADMYEPI3S1FX0","Submitted","Fri Oct 02 02:31:01 PDT 2020","Fri Oct 02 02:33:15 PDT 2020","Fri Oct 09 02:33:15 PDT 2020","","","","134","0% (0/0)","0% (0/0)","0% (0/0)","119_Covid/104.govt_20against_20civid_19.jpg","March 14","March 11","March 3","When did the infection cases rise to 53 in Vietnam?","When did ASEAN economic ministers express serious concern over Covid-19 outbreak?","When did the Vietnam government half visa exemptions for citizens from Italy?"
"3HA5ODM5K9RR1VOAHRIJCHDTQ3RVSZ","3BEAH6X9Z79DGA1G3RDQ4JMC4BM8SF","Ask questions about Coronavirus infographics","Ask questions about a COVID infographic image.","question, answer, text, infographics, COVID, SARS-CoV-2","$0.06","Fri Oct 02 02:09:53 PDT 2020","1","BatchId:4205275;OriginalHitTemplateId:928390828;","10800","604800","Fri Oct 09 02:09:53 PDT 2020","","","3KWTYT08702QM8CZHU87KH1N07SL5O","A2GMPM9J1XU785","Submitted","Fri Oct 02 02:42:24 PDT 2020","Fri Oct 02 02:44:40 PDT 2020","Fri Oct 09 02:44:40 PDT 2020","","","","136","0% (0/0)","0% (0/0)","0% (0/0)","119_Covid/89.social_distancing_infographic_final_888x507.jpg.aspx.jpg","By social distancing","","","How can we slow down to spread of coronavirus ?","",""
"3O71U79SRAO8B8U13ZHSPLUGZAFSMF","3BEAH6X9Z79DGA1G3RDQ4JMC4BM8SF","Ask questions about Coronavirus infographics","Ask questions about a COVID infographic image.","question, answer, text, infographics, COVID, SARS-CoV-2","$0.06","Fri Oct 02 02:09:53 PDT 2020","1","BatchId:4205275;OriginalHitTemplateId:928390828;","10800","604800","Fri Oct 09 02:09:53 PDT 2020","","","3KJYX6QCM9A1PC3EK0E780IU95OJVO","A261EKFB0XIK7M","Submitted","Fri Oct 02 02:36:13 PDT 2020","Fri Oct 02 02:38:24 PDT 2020","Fri Oct 09 02:38:24 PDT 2020","","","","131","0% (0/0)","0% (0/0)","0% (0/0)","119_Covid/47.1501274_cdt_20spotlight_20_20healthcare_20workers_20under_20siege_20_20_20acled.png","India has been drastically getting worked up.","","","What country has been most affected by the virus in it's healthcare force?","",""
"3HEA4ZVWVCL9XZBKZ4NYF892ZVI551","3BEAH6X9Z79DGA1G3RDQ4JMC4BM8SF","Ask questions about Coronavirus infographics","Ask questions about a COVID infographic image.","question, answer, text, infographics, COVID, SARS-CoV-2","$0.06","Fri Oct 02 02:09:53 PDT 2020","1","BatchId:4205275;OriginalHitTemplateId:928390828;","10800","604800","Fri Oct 09 02:09:53 PDT 2020","","","3BXQMRHWKZXRD5KZI7HUS68SZTBMU9","A2TEWO3WJ5YKGG","Submitted","Fri Oct 02 02:41:36 PDT 2020","Fri Oct 02 04:17:10 PDT 2020","Fri Oct 09 04:17:10 PDT 2020","","","","5734","0% (0/0)","0% (0/0)","0% (0/0)","119_Covid/82.81ao5t640ol._ac_sy550_.jpg","animals","SARS cov 2","By personal contact, sneezing,contaminated objects","Where is coronavirus found other than humans?","What is the name of the virus?","How does coronavirus spread?"
"3DZKABX2ZH4BUEZEK5SJXC9B406CVN","3BEAH6X9Z79DGA1G3RDQ4JMC4BM8SF","Ask questions about Coronavirus infographics","Ask questions about a COVID infographic image.","question, answer, text, infographics, COVID, SARS-CoV-2","$0.06","Fri Oct 02 02:09:53 PDT 2020","1","BatchId:4205275;OriginalHitTemplateId:928390828;","10800","604800","Fri Oct 09 02:09:53 PDT 2020","","","33CUSNVVNNBEUJBIL366RWP8IWR88M","A23BGNP50WTKI2","Submitted","Fri Oct 02 02:26:07 PDT 2020","Fri Oct 02 02:28:20 PDT 2020","Fri Oct 09 02:28:20 PDT 2020","","","","133","100% (30/30)","0% (0/0)","0% (0/0)","119_Covid/50.1585895698_coronavirus_infographics_1.jpg","11 january 2020","68 days","Only 14 days","When was first death from covid-19 fixed?","How many days are between first death and 10000?","How many days were between 10000 death and 50 000?"
"3YCT0L9OML8ETQF1F0WS20JG40PSNF","3BEAH6X9Z79DGA1G3RDQ4JMC4BM8SF","Ask questions about Coronavirus infographics","Ask questions about a COVID infographic image.","question, answer, text, infographics, COVID, SARS-CoV-2","$0.06","Fri Oct 02 02:09:53 PDT 2020","1","BatchId:4205275;OriginalHitTemplateId:928390828;","10800","604800","Fri Oct 09 02:09:53 PDT 2020","","","35DR22AR5DJI8N6KHUN2GEYQTJ8X3R","A390BDV0H9CRAA","Submitted","Fri Oct 02 02:29:23 PDT 2020","Fri Oct 02 03:11:34 PDT 2020","Fri Oct 09 03:11:34 PDT 2020","","","","2531","0% (0/0)","0% (0/0)","0% (0/0)","119_Covid/63.covid_19_ways_to_help_elderly_living_alone_2020_en_03.tmb_479v.jpg","living alone","buy groceries and medicines","before one month","ways to prevent covid 19","ways to during underlying conditions","when did buying medicines at covid 19"
"3PN6H8C9R3P17I2U96WYLVDG4QHADK","3BEAH6X9Z79DGA1G3RDQ4JMC4BM8SF","Ask questions about Coronavirus infographics","Ask questions about a COVID infographic image.","question, answer, text, infographics, COVID, SARS-CoV-2","$0.06","Fri Oct 02 02:09:53 PDT 2020","1","BatchId:4205275;OriginalHitTemplateId:928390828;","10800","604800","Fri Oct 09 02:09:53 PDT 2020","","","3IX2EGZR7BI9W5MXBG9X73TRO0CRJ6","A2TEWO3WJ5YKGG","Submitted","Fri Oct 02 02:41:12 PDT 2020","Fri Oct 02 03:55:31 PDT 2020","Fri Oct 09 03:55:31 PDT 2020","","","","4459","0% (0/0)","0% (0/0)","0% (0/0)","119_Covid/95.covid_disabililties_infographics_1_0.jpg","Surfaces","corona+virus+disease.","It is a disease spreading around the world.","Where is coronavirus found?","What is the expansion of covid?","What is covid 19?"
"3ZICQFRS30H5BRFYDG1UTGNS1TXZZ8","3BEAH6X9Z79DGA1G3RDQ4JMC4BM8SF","Ask questions about Coronavirus infographics","Ask questions about a COVID infographic image.","question, answer, text, infographics, COVID, SARS-CoV-2","$0.06","Fri Oct 02 02:09:54 PDT 2020","1","BatchId:4205275;OriginalHitTemplateId:928390828;","10800","604800","Fri Oct 09 02:09:54 PDT 2020","","","308XBLVESI33EMOLNOWG9FAEGU1RBH","A3DV9JYPHPL6UJ","Submitted","Fri Oct 02 02:32:56 PDT 2020","Fri Oct 02 02:42:15 PDT 2020","Fri Oct 09 02:42:15 PDT 2020","","","","559","0% (0/0)","0% (0/0)","0% (0/0)","119_Covid/30.what_is_an_assay_04_14_20_sm.jpg","COLLECT NASAL SWAB AND DETECT IN THE KIT.","IN HUMANBODY CORONOVIRUS  AFFECT  IMMUNE SYSTEM.","CONTROLS SHOWS POSITIVE AND NEGATIVE RESULTS.","HOW WILL DETECT CORONOVIRUS?","HOW THE CORONO VIRUS INFECT PEOPLES?","HOW DO YOU DETECT POSITIVE OR NEGATIVE RESULT?"
"37MQ8Z1JQDVF0Q2HSNQXSY4JAQUY28","3BEAH6X9Z79DGA1G3RDQ4JMC4BM8SF","Ask questions about Coronavirus infographics","Ask questions about a COVID infographic image.","question, answer, text, infographics, COVID, SARS-CoV-2","$0.06","Fri Oct 02 02:09:54 PDT 2020","1","BatchId:4205275;OriginalHitTemplateId:928390828;","10800","604800","Fri Oct 09 02:09:54 PDT 2020","","","3EQHHY4HQSRA0GYY63BR7PWF4Q6G5D","A3TKUXUTDX6FBF","Submitted","Fri Oct 02 02:39:35 PDT 2020","Fri Oct 02 02:42:12 PDT 2020","Fri Oct 09 02:42:12 PDT 2020","","","","157","100% (12/12)","0% (0/0)","0% (0/0)","119_Covid/39.covid19_infographic_image.png","Phone, email or video with doctor.","sneeze into the tissue or on upper sleeve.","","What are the media for telemedicine?","What are instruction for sneeze?",""
"3RBI0I35XD24L8Y0WN42B89BG4UY3J","3BEAH6X9Z79DGA1G3RDQ4JMC4BM8SF","Ask questions about Coronavirus infographics","Ask questions about a COVID infographic image.","question, answer, text, infographics, COVID, SARS-CoV-2","$0.06","Fri Oct 02 02:09:54 PDT 2020","1","BatchId:4205275;OriginalHitTemplateId:928390828;","10800","604800","Fri Oct 09 02:09:54 PDT 2020","","","3K4J6M3CXES76MAF1Z28F0C1W3ZAG3","A24EYX9Y59UEIZ","Submitted","Fri Oct 02 02:12:22 PDT 2020","Fri Oct 02 03:55:39 PDT 2020","Fri Oct 09 03:55:39 PDT 2020","","","","6197","0% (0/0)","0% (0/0)","0% (0/0)","119_Covid/110.eng_infographic_covid_19_cy_160420_v3_final_1.jpg","735","17","50%","How many total cases recorded in cyprus?","How many people got died in covid-19?","What percentage of womens affected?"
"34F34TZU7VYP517I6NPUIBPVXMM2JJ","3BEAH6X9Z79DGA1G3RDQ4JMC4BM8SF","Ask questions about Coronavirus infographics","Ask questions about a COVID infographic image.","question, answer, text, infographics, COVID, SARS-CoV-2","$0.06","Fri Oct 02 02:09:54 PDT 2020","1","BatchId:4205275;OriginalHitTemplateId:928390828;","10800","604800","Fri Oct 09 02:09:54 PDT 2020","","","3NG53N1RLVIZ0BAZ7K8HDIKY7BH8P6","A2P82UXQB7ZNCE","Submitted","Fri Oct 02 13:15:12 PDT 2020","Fri Oct 02 13:22:52 PDT 2020","Fri Oct 09 13:22:52 PDT 2020","","","","460","0% (0/0)","0% (0/0)","0% (0/0)","119_Covid/19.aki_covid19_english.jpg","CVD (cardio vascular disease)","It ranges from 0.5 to 29 percent","CVD, CKD, diabetes and hypertension","What is the most common comorbidity associated with COVID patients?","What is the range of incidence of aki (acute kidney incidence) in COVID-19 patients?","What comorbidities have been found in COVID-19 patients?"
"3PA41K45VM3SDD7M7CB9BYSFH1E7P4","3BEAH6X9Z79DGA1G3RDQ4JMC4BM8SF","Ask questions about Coronavirus infographics","Ask questions about a COVID infographic image.","question, answer, text, infographics, COVID, SARS-CoV-2","$0.06","Fri Oct 02 02:09:54 PDT 2020","1","BatchId:4205275;OriginalHitTemplateId:928390828;","10800","604800","Fri Oct 09 02:09:54 PDT 2020","","","3Q8GYXHFEP1XJ4IT4HF8HYB06YE5CS","A261EKFB0XIK7M","Submitted","Fri Oct 02 02:38:26 PDT 2020","Fri Oct 02 02:39:54 PDT 2020","Fri Oct 09 02:39:54 PDT 2020","","","","88","0% (0/0)","0% (0/0)","0% (0/0)","119_Covid/59.000.png","85 cases have been reported as of now.","","","How many cases have been reported regarding the virus in Vietnam?","",""
"39KMGHJ4RY9B7L3I5SBAHIHK1FW00Q","3BEAH6X9Z79DGA1G3RDQ4JMC4BM8SF","Ask questions about Coronavirus infographics","Ask questions about a COVID infographic image.","question, answer, text, infographics, COVID, SARS-CoV-2","$0.06","Fri Oct 02 02:09:54 PDT 2020","1","BatchId:4205275;OriginalHitTemplateId:928390828;","10800","604800","Fri Oct 09 02:09:54 PDT 2020","","","3PMBY0YE272GKRK577SPTEG2STOC9F","AW1LXS4IFR4DK","Submitted","Fri Oct 02 05:10:57 PDT 2020","Fri Oct 02 06:48:55 PDT 2020","Fri Oct 09 06:48:55 PDT 2020","","","","5878","0% (0/0)","0% (0/0)","0% (0/0)","119_Covid/61.managingstresswhileworkingfromhome.png","Turn off notification on social apps","Make time for self care","Connect with colleagues","How to minimize distraction?","How to prioritise our well bring?","How to manage stress while working from home?"
"3X52SWXE0W4O93ZJAFXFJESPB98CWX","3BEAH6X9Z79DGA1G3RDQ4JMC4BM8SF","Ask questions about Coronavirus infographics","Ask questions about a COVID infographic image.","question, answer, text, infographics, COVID, SARS-CoV-2","$0.06","Fri Oct 02 02:09:54 PDT 2020","1","BatchId:4205275;OriginalHitTemplateId:928390828;","10800","604800","Fri Oct 09 02:09:54 PDT 2020","","","336YQZE83VDASQUKH69MKUGC0BC5M2","A1Z8TF04ZG3VRE","Submitted","Fri Oct 02 02:15:38 PDT 2020","Fri Oct 02 02:26:57 PDT 2020","Fri Oct 09 02:26:57 PDT 2020","","","","679","0% (0/0)","0% (0/0)","0% (0/0)","119_Covid/43.how_to_spot_fake_news_covid.png","even a cloth mask is sufficent,","NO,they are only high risk","covid virus cannot multiply in food,","Should I use only N95 Mask?","If covid affects old people greater than 60,they will surely die?","I got a whatsapp msg,saying covis spreads through food?"
"33NKDW9FFWH3Y349KKT1LX6WKBECXQ","3BEAH6X9Z79DGA1G3RDQ4JMC4BM8SF","Ask questions about Coronavirus infographics","Ask questions about a COVID infographic image.","question, answer, text, infographics, COVID, SARS-CoV-2","$0.06","Fri Oct 02 02:09:54 PDT 2020","1","BatchId:4205275;OriginalHitTemplateId:928390828;","10800","604800","Fri Oct 09 02:09:54 PDT 2020","","","3L6L49WXW0WUO05EB29QY0ZCEKW45B","A23BGNP50WTKI2","Submitted","Fri Oct 02 02:35:57 PDT 2020","Fri Oct 02 02:38:01 PDT 2020","Fri Oct 09 02:38:01 PDT 2020","","","","124","100% (30/30)","0% (0/0)","0% (0/0)","119_Covid/69.covid19_coronavirus_prevention_infographics_basic_protective_measures_vector_id1215659722.jpg","Yes","No, you'd avoid it","Yes, it can protect you","Do you need to wear face mask to protect yourself from coronavirus?","Is it safe to visit mass events?","Is it help to wash hands with soap frequently?"
"3VO4XFFP14LDDP817PQYB3IPMX07QV","3BEAH6X9Z79DGA1G3RDQ4JMC4BM8SF","Ask questions about Coronavirus infographics","Ask questions about a COVID infographic image.","question, answer, text, infographics, COVID, SARS-CoV-2","$0.06","Fri Oct 02 02:09:54 PDT 2020","1","BatchId:4205275;OriginalHitTemplateId:928390828;","10800","604800","Fri Oct 09 02:09:54 PDT 2020","","","3VW04L3ZLT5UOLDY1JUQNUNU0HAXXY","A1VR52NAI4L2J9","Submitted","Fri Oct 02 09:03:43 PDT 2020","Fri Oct 02 09:04:49 PDT 2020","Fri Oct 09 09:04:49 PDT 2020","","","","66","0% (0/0)","0% (0/0)","0% (0/0)","119_Covid/91.what_is_an_assay_04_14_20.jpg","Viral RNA","Blood Draw","","What is measured by doing a nasal swab?","How do you measure Coronavirus antibodies?",""
"3IKMEYR0LVUKGLD0O8P6JQP8CBM2KI","3BEAH6X9Z79DGA1G3RDQ4JMC4BM8SF","Ask questions about Coronavirus infographics","Ask questions about a COVID infographic image.","question, answer, text, infographics, COVID, SARS-CoV-2","$0.06","Fri Oct 02 02:09:54 PDT 2020","1","BatchId:4205275;OriginalHitTemplateId:928390828;","10800","604800","Fri Oct 09 02:09:54 PDT 2020","","","3IOEN3P9S7I9F589T30TS869YWY61J","A1JPHUQJCG23MX","Submitted","Fri Oct 02 02:39:24 PDT 2020","Fri Oct 02 02:44:49 PDT 2020","Fri Oct 09 02:44:49 PDT 2020","","","","325","0% (0/0)","0% (0/0)","0% (0/0)","119_Covid/97.impact_retail_sector.png","Yes, It is.","More than 50%","Yes nearly 24%","Are companies going to reduce the staff?","How many companies decided to cancel or reduce investment?","Is this covid helps to create new markets to the world?"
"3G3AJKPCXKRP34H4W19LLD1HU4QY44","3BEAH6X9Z79DGA1G3RDQ4JMC4BM8SF","Ask questions about Coronavirus infographics","Ask questions about a COVID infographic image.","question, answer, text, infographics, COVID, SARS-CoV-2","$0.06","Fri Oct 02 02:09:54 PDT 2020","1","BatchId:4205275;OriginalHitTemplateId:928390828;","10800","604800","Fri Oct 09 02:09:54 PDT 2020","","","3ATTHHXXWANXYQO32XUPKK0FC3FXI5","A32EGCSY5MLY51","Submitted","Fri Oct 02 08:14:00 PDT 2020","Fri Oct 02 08:15:28 PDT 2020","Fri Oct 09 08:15:28 PDT 2020","","","","88","0% (0/0)","0% (0/0)","0% (0/0)","119_Covid/23.covid19_sci.png","no","no","yes","yes","yes","no"
"3N3WJQXELRPV0RVI9817YQ2N1BR2LL","3BEAH6X9Z79DGA1G3RDQ4JMC4BM8SF","Ask questions about Coronavirus infographics","Ask questions about a COVID infographic image.","question, answer, text, infographics, COVID, SARS-CoV-2","$0.06","Fri Oct 02 02:09:54 PDT 2020","1","BatchId:4205275;OriginalHitTemplateId:928390828;","10800","604800","Fri Oct 09 02:09:54 PDT 2020","","","3C5W7UE9CFPJU9EUNCSHCD7WTAMXM4","A1ALNV9FU7M77Y","Submitted","Fri Oct 02 02:17:33 PDT 2020","Fri Oct 02 02:19:33 PDT 2020","Fri Oct 09 02:19:33 PDT 2020","","","","120","0% (0/0)","0% (0/0)","0% (0/0)","119_Covid/86.comorbidities.png","high risk","www.nicd.ac.za","toll free","if you have diabetes what does that make you?","what is the website?","what type of phone number can you use?"
"3D5G8J4N593SGV1P6RN9MM9FSM5VTO","3BEAH6X9Z79DGA1G3RDQ4JMC4BM8SF","Ask questions about Coronavirus infographics","Ask questions about a COVID infographic image.","question, answer, text, infographics, COVID, SARS-CoV-2","$0.06","Fri Oct 02 02:09:54 PDT 2020","1","BatchId:4205275;OriginalHitTemplateId:928390828;","10800","604800","Fri Oct 09 02:09:54 PDT 2020","","","3N1FSUEFL5ZPSDK7Q8R9WCN4R1RD4P","A1IL2K0ELYI090","Submitted","Fri Oct 02 02:21:42 PDT 2020","Fri Oct 02 02:29:55 PDT 2020","Fri Oct 09 02:29:55 PDT 2020","","","","493","100% (2/2)","0% (0/0)","0% (0/0)","119_Covid/91.document.png","Wash your hands with soap and running water.","To prevent the spread of the virus.","It will help stop the spread of the virus.","What should you wash your hands with?","Why should I wear mask?","Why should cover my mouth when coughing"
"36D1BWBEHM0F69D39K2MY3HC1GH2MN","3BEAH6X9Z79DGA1G3RDQ4JMC4BM8SF","Ask questions about Coronavirus infographics","Ask questions about a COVID infographic image.","question, answer, text, infographics, COVID, SARS-CoV-2","$0.06","Fri Oct 02 02:09:54 PDT 2020","1","BatchId:4205275;OriginalHitTemplateId:928390828;","10800","604800","Fri Oct 09 02:09:54 PDT 2020","","","3DL65MZB8DEXFNBMFI8BLSHDJQ9CEU","AYWN7BX8BHMI7","Submitted","Fri Oct 02 02:23:13 PDT 2020","Fri Oct 02 02:24:24 PDT 2020","Fri Oct 09 02:24:24 PDT 2020","","","","71","0% (0/0)","0% (0/0)","0% (0/0)","119_Covid/79.coronavirus_diagnostic_tests_04_13_20_sm.jpg","After 2 days","","","When does the spleen start producing IgMs?","",""
"3L55D8AUF9WSY8UJPGF34BD5MH8CYW","3BEAH6X9Z79DGA1G3RDQ4JMC4BM8SF","Ask questions about Coronavirus infographics","Ask questions about a COVID infographic image.","question, answer, text, infographics, COVID, SARS-CoV-2","$0.06","Fri Oct 02 02:09:54 PDT 2020","1","BatchId:4205275;OriginalHitTemplateId:928390828;","10800","604800","Fri Oct 09 02:09:54 PDT 2020","","","39LNWE0K4UV5HMU8XSJ20D1BIJNUIV","AF1M43ALWWKIT","Submitted","Fri Oct 02 02:24:09 PDT 2020","Fri Oct 02 02:32:19 PDT 2020","Fri Oct 09 02:32:19 PDT 2020","","","","490","0% (0/0)","0% (0/0)","0% (0/0)","119_Covid/40.covid_19_intuba_45028056_1.png","wear mask,social distance,wash your hand with soap","to prevent covid -19","should be wear N95 mask","what things we should prevent covid -19 ?","why should use mask?","which mask should wear?"
"3A520CCNWMZ6ZOGU517IRDV142IAED","3BEAH6X9Z79DGA1G3RDQ4JMC4BM8SF","Ask questions about Coronavirus infographics","Ask questions about a COVID infographic image.","question, answer, text, infographics, COVID, SARS-CoV-2","$0.06","Fri Oct 02 02:09:54 PDT 2020","1","BatchId:4205275;OriginalHitTemplateId:928390828;","10800","604800","Fri Oct 09 02:09:54 PDT 2020","","","3IAEQB9FMEJ11F3R0EXSR46VBURWDV","ADMYEPI3S1FX0","Submitted","Fri Oct 02 02:28:08 PDT 2020","Fri Oct 02 02:29:14 PDT 2020","Fri Oct 09 02:29:14 PDT 2020","","","","66","0% (0/0)","0% (0/0)","0% (0/0)","119_Covid/62.mcom_1504_thefourtofollow_f_02_orig.png","Every hour","High-touch surfaces","6-Foot","How often should you wash your hands?","Which areas should be regularly disinfected?","What should be the required distancing?"
"386659BNTKGBEAO01BFAVN0U67201T","3BEAH6X9Z79DGA1G3RDQ4JMC4BM8SF","Ask questions about Coronavirus infographics","Ask questions about a COVID infographic image.","question, answer, text, infographics, COVID, SARS-CoV-2","$0.06","Fri Oct 02 02:09:54 PDT 2020","1","BatchId:4205275;OriginalHitTemplateId:928390828;","10800","604800","Fri Oct 09 02:09:54 PDT 2020","","","31HQ4X3T3S9RSAAATQLFDSBFEQZLSN","A2GMPM9J1XU785","Submitted","Fri Oct 02 02:35:27 PDT 2020","Fri Oct 02 02:35:49 PDT 2020","Fri Oct 09 02:35:49 PDT 2020","","","","22","0% (0/0)","0% (0/0)","0% (0/0)","119_Covid/25.620xnxjig200003fa.png.pagespeed.ic.rjpxpjqzdq.png","1625","","","How many persons died due to coronavirus in Italy","",""
"38G0E1M85L47G8GE6WDJRIVHB0CVUF","3BEAH6X9Z79DGA1G3RDQ4JMC4BM8SF","Ask questions about Coronavirus infographics","Ask questions about a COVID infographic image.","question, answer, text, infographics, COVID, SARS-CoV-2","$0.06","Fri Oct 02 02:09:54 PDT 2020","1","BatchId:4205275;OriginalHitTemplateId:928390828;","10800","604800","Fri Oct 09 02:09:54 PDT 2020","","","3JCG6DTRV3PQ6RBATR46ZEV8681QQS","AG0SGDZ4YUPNF","Submitted","Fri Oct 02 02:36:18 PDT 2020","Fri Oct 02 02:44:14 PDT 2020","Fri Oct 09 02:44:14 PDT 2020","","","","476","0% (0/0)","0% (0/0)","0% (0/0)","119_Covid/77.master.jpg","To Control Over crowding at airport","Like Masks, Gloves and Sanitisers","Sanitising tunnels","Why the staggered flights are avoided?","What are the Precaution materials are taken by the passesnger?","What is the advanced Precaution action that taken in the Airport?"
"3SZYX62S5FZOK3P3NX2VDSNYQ1D57G","3BEAH6X9Z79DGA1G3RDQ4JMC4BM8SF","Ask questions about Coronavirus infographics","Ask questions about a COVID infographic image.","question, answer, text, infographics, COVID, SARS-CoV-2","$0.06","Fri Oct 02 02:09:54 PDT 2020","1","BatchId:4205275;OriginalHitTemplateId:928390828;","10800","604800","Fri Oct 09 02:09:54 PDT 2020","","","3WR9XG3T63A9B4JXZVONWKD85QQ74S","A261EKFB0XIK7M","Submitted","Fri Oct 02 02:32:08 PDT 2020","Fri Oct 02 02:33:36 PDT 2020","Fri Oct 09 02:33:36 PDT 2020","","","","88","0% (0/0)","0% (0/0)","0% (0/0)","119_Covid/12.infographic_school_settings_august_2020.png","Ensuring proper and feasible distancing and cleani","","","How can we maintain schools to be safe during this pandemic?","",""
"33Q5P9PUSOLS3Y4OL2HMIIM7SBCCZN","3BEAH6X9Z79DGA1G3RDQ4JMC4BM8SF","Ask questions about Coronavirus infographics","Ask questions about a COVID infographic image.","question, answer, text, infographics, COVID, SARS-CoV-2","$0.06","Fri Oct 02 02:09:54 PDT 2020","1","BatchId:4205275;OriginalHitTemplateId:928390828;","10800","604800","Fri Oct 09 02:09:54 PDT 2020","","","3907X2AHF04OEW8AR3ZG3R7VL722P2","ADMYEPI3S1FX0","Submitted","Fri Oct 02 02:38:08 PDT 2020","Fri Oct 02 02:39:35 PDT 2020","Fri Oct 09 02:39:35 PDT 2020","","","","87","0% (0/0)","0% (0/0)","0% (0/0)","119_Covid/53.sintomas_coronavirus_en.png","Mucus, sneezing, vomitting, diarrhea","Cough","","What symptoms does flu have that Covid-19 doesn't?","What is the common symptom between Covid-19, the flu and common cold?",""
"3GITHABACXKLORY3LLHMBI6C66R2NN","3BEAH6X9Z79DGA1G3RDQ4JMC4BM8SF","Ask questions about Coronavirus infographics","Ask questions about a COVID infographic image.","question, answer, text, infographics, COVID, SARS-CoV-2","$0.06","Fri Oct 02 02:09:54 PDT 2020","1","BatchId:4205275;OriginalHitTemplateId:928390828;","10800","604800","Fri Oct 09 02:09:54 PDT 2020","","","3JMSRU9HQITTEWHM6Z3GBK524XRVEE","A1JPHUQJCG23MX","Submitted","Fri Oct 02 02:33:28 PDT 2020","Fri Oct 02 02:39:21 PDT 2020","Fri Oct 09 02:39:21 PDT 2020","","","","353","0% (0/0)","0% (0/0)","0% (0/0)","119_Covid/14.uts_covid_infographic_051120.jpg","More than 2000","More than 300","More than 74000","How many covid 19 tests per day?","How many studies are doing related to covid?","How many covid tests have been done ?"
"334ZEL5JX5EWBBFDGFW5HPJLUAUSOU","3BEAH6X9Z79DGA1G3RDQ4JMC4BM8SF","Ask questions about Coronavirus infographics","Ask questions about a COVID infographic image.","question, answer, text, infographics, COVID, SARS-CoV-2","$0.06","Fri Oct 02 02:09:55 PDT 2020","1","BatchId:4205275;OriginalHitTemplateId:928390828;","10800","604800","Fri Oct 09 02:09:55 PDT 2020","","","3G2UL9A02DDNQRNBIJH2TIXM1IY76H","A3E1LY924PV108","Submitted","Fri Oct 02 02:40:39 PDT 2020","Fri Oct 02 02:46:41 PDT 2020","Fri Oct 09 02:46:41 PDT 2020","","","","362","0% (0/0)","0% (0/0)","0% (0/0)","119_Covid/7.coronavirus_and_hiv_infographic_by_avert.png","WEAR MASK AND USE HAND SANITIZER","INCREASE YOUR IMMUNE SYSTEM OF THE BODY","EAT HEALTHY AND DO SOME EXERCISE.","BEING HIV PATIENT HOW I SHOULD PROTECT MYSELF FROM COVID-19","WHAT ARE THE PREVENTIVE MEASURES?","HOW I HAVE TO LOOK AFTER MYSELF?"
"38VTL6WC49C7ZNL4A6SVQ57VU0LY59","3BEAH6X9Z79DGA1G3RDQ4JMC4BM8SF","Ask questions about Coronavirus infographics","Ask questions about a COVID infographic image.","question, answer, text, infographics, COVID, SARS-CoV-2","$0.06","Fri Oct 02 02:09:55 PDT 2020","1","BatchId:4205275;OriginalHitTemplateId:928390828;","10800","604800","Fri Oct 09 02:09:55 PDT 2020","","","3HMIGG0U4L5T9P20Y740Q9DABBTY8P","A32DP2LF38ZLDU","Submitted","Fri Oct 02 02:25:27 PDT 2020","Fri Oct 02 02:30:20 PDT 2020","Fri Oct 09 02:30:20 PDT 2020","","","","293","0% (0/0)","0% (0/0)","0% (0/0)","119_Covid/92.covid_19_20return_20to_20the_20office_final.jpg","Seventy seven percent.","More likely.","","What percentage of employees surveyed are currently working from home?","Amongst parents surveyed are they more or less likely to rethink business travel?",""
"3VADEH0UHBWEWBREVF9K6POB4FQSPB","3BEAH6X9Z79DGA1G3RDQ4JMC4BM8SF","Ask questions about Coronavirus infographics","Ask questions about a COVID infographic image.","question, answer, text, infographics, COVID, SARS-CoV-2","$0.06","Fri Oct 02 02:09:55 PDT 2020","1","BatchId:4205275;OriginalHitTemplateId:928390828;","10800","604800","Fri Oct 09 02:09:55 PDT 2020","","","3JPSL1DZ5SYDGER1O3F35KLYXFSANI","A261EKFB0XIK7M","Submitted","Fri Oct 02 02:34:46 PDT 2020","Fri Oct 02 02:36:10 PDT 2020","Fri Oct 09 02:36:10 PDT 2020","","","","84","0% (0/0)","0% (0/0)","0% (0/0)","119_Covid/104.covid_19_flyer_what_you_need_to_know_resized.png","Maintaining social distancing.","","","How can we avoid the spread of virus in our community?","",""
"3LAZVA75NHQ36CYFM0HZQ76HWGW2O2","3BEAH6X9Z79DGA1G3RDQ4JMC4BM8SF","Ask questions about Coronavirus infographics","Ask questions about a COVID infographic image.","question, answer, text, infographics, COVID, SARS-CoV-2","$0.06","Fri Oct 02 02:09:55 PDT 2020","1","BatchId:4205275;OriginalHitTemplateId:928390828;","10800","604800","Fri Oct 09 02:09:55 PDT 2020","","","324G5B4FB37SCG1WGU1LKHNVOFG07D","A9P4MG1QT81FS","Submitted","Fri Oct 02 02:54:38 PDT 2020","Fri Oct 02 03:15:15 PDT 2020","Fri Oct 09 03:15:15 PDT 2020","","","","1237","0% (0/0)","0% (0/0)","0% (0/0)","119_Covid/1.covid_19_and_tobacco_use_en_700.jpg","186 million adults","Using the Tabacco is the main reason","Aged 13-15","How many adults affect the coronovirus?","What reasons are affect the coronavirus?","Which aged persons affect the coronovirus?"
"3UL5XDRDNBISKHUMX2U1RSJT1LJ583","3BEAH6X9Z79DGA1G3RDQ4JMC4BM8SF","Ask questions about Coronavirus infographics","Ask questions about a COVID infographic image.","question, answer, text, infographics, COVID, SARS-CoV-2","$0.06","Fri Oct 02 02:09:55 PDT 2020","1","BatchId:4205275;OriginalHitTemplateId:928390828;","10800","604800","Fri Oct 09 02:09:55 PDT 2020","","","3DY46V3X3PHCKJ9EP7S03S5QEGM55C","A1ALNV9FU7M77Y","Submitted","Fri Oct 02 02:15:22 PDT 2020","Fri Oct 02 02:17:13 PDT 2020","Fri Oct 09 02:17:13 PDT 2020","","","","111","0% (0/0)","0% (0/0)","0% (0/0)","119_Covid/93.the_power_of_social_distancing.jpg","2.5","2.5","406","how many people can become infected in 30 days with 1 person having 75% less exposure?","currently 1 person infects how many people in 5 days?","what is the highest number of infected people shown?"
"3GS542CVJUMSYMDW2U0FROE4LR159S","3BEAH6X9Z79DGA1G3RDQ4JMC4BM8SF","Ask questions about Coronavirus infographics","Ask questions about a COVID infographic image.","question, answer, text, infographics, COVID, SARS-CoV-2","$0.06","Fri Oct 02 02:09:55 PDT 2020","1","BatchId:4205275;OriginalHitTemplateId:928390828;","10800","604800","Fri Oct 09 02:09:55 PDT 2020","","","3DZQRBDBSLEAC6KLNKHFH6HYE59S3J","A2TEWO3WJ5YKGG","Submitted","Fri Oct 02 02:41:20 PDT 2020","Fri Oct 02 04:03:01 PDT 2020","Fri Oct 09 04:03:01 PDT 2020","","","","4901","0% (0/0)","0% (0/0)","0% (0/0)","119_Covid/23.masks_infographic_a4_en_360px.jpg","From behind the ears or head","wash your hands.","mouth, nose and chin.","How should you remove the mask?","What should be done before touching the mask?","What should the mask cover?"
"3J06WJ78HMJ7TN5EBMNON4X0P7LVV4","3BEAH6X9Z79DGA1G3RDQ4JMC4BM8SF","Ask questions about Coronavirus infographics","Ask questions about a COVID infographic image.","question, answer, text, infographics, COVID, SARS-CoV-2","$0.06","Fri Oct 02 02:09:55 PDT 2020","1","BatchId:4205275;OriginalHitTemplateId:928390828;","10800","604800","Fri Oct 09 02:09:55 PDT 2020","","","3RANCT1ZVFGVUEG2RIRLEQXYNU7BU9","A31CNXHGR49DJR","Submitted","Fri Oct 02 02:39:59 PDT 2020","Fri Oct 02 02:45:22 PDT 2020","Fri Oct 09 02:45:22 PDT 2020","","","","323","100% (25/25)","0% (0/0)","0% (0/0)","119_Covid/13.covid_infographic_4_6_20.png","Antivirals, antibiotics and other medicines","Mobilize the immune system against the virus","","What existing medicines are researchers testing?","What do antibody-based drugs do?",""
"31ODACBENTEZWNSTVSO96UEL9BCSQ2","3BEAH6X9Z79DGA1G3RDQ4JMC4BM8SF","Ask questions about Coronavirus infographics","Ask questions about a COVID infographic image.","question, answer, text, infographics, COVID, SARS-CoV-2","$0.06","Fri Oct 02 02:09:55 PDT 2020","1","BatchId:4205275;OriginalHitTemplateId:928390828;","10800","604800","Fri Oct 09 02:09:55 PDT 2020","","","33LKR6A5KEJFH3JLPG8M3IYNI311TF","A24EYX9Y59UEIZ","Submitted","Fri Oct 02 02:11:33 PDT 2020","Fri Oct 02 02:30:19 PDT 2020","Fri Oct 09 02:30:19 PDT 2020","","","","1126","0% (0/0)","0% (0/0)","0% (0/0)","119_Covid/62.employee_20messaging_204.30.2020.jpg","6 feet  or more in public","Dont touch your face","Wear Mask","How to maintain social distance in public?","Which part of body we dont to touch?","What should you do if you are sick?"
"3NSCTNUR2YM635N1U0EFNJPOR9J5A7","3BEAH6X9Z79DGA1G3RDQ4JMC4BM8SF","Ask questions about Coronavirus infographics","Ask questions about a COVID infographic image.","question, answer, text, infographics, COVID, SARS-CoV-2","$0.06","Fri Oct 02 02:09:55 PDT 2020","1","BatchId:4205275;OriginalHitTemplateId:928390828;","10800","604800","Fri Oct 09 02:09:55 PDT 2020","","","38BQUHLA9WZW0002ML5LT0G3H6KOMT","A261EKFB0XIK7M","Submitted","Fri Oct 02 02:27:10 PDT 2020","Fri Oct 02 02:29:00 PDT 2020","Fri Oct 09 02:29:00 PDT 2020","","","","110","0% (0/0)","0% (0/0)","0% (0/0)","119_Covid/41.hts_olddrugsnewagain_sm.jpg","The drug should be safe,soluble,selective,stable,p","","","What questions should be answered in order to approve drugs to be sold?","",""
"3EFNPKWBMRN7OD2FOFTTJGFR4RG03L","3BEAH6X9Z79DGA1G3RDQ4JMC4BM8SF","Ask questions about Coronavirus infographics","Ask questions about a COVID infographic image.","question, answer, text, infographics, COVID, SARS-CoV-2","$0.06","Fri Oct 02 02:09:55 PDT 2020","1","BatchId:4205275;OriginalHitTemplateId:928390828;","10800","604800","Fri Oct 09 02:09:55 PDT 2020","","","3WYP994K17Q65BJC5S726VHJ5G66YE","A11PVUAWRLNPFE","Submitted","Fri Oct 02 02:36:29 PDT 2020","Fri Oct 02 02:47:39 PDT 2020","Fri Oct 09 02:47:39 PDT 2020","","","","670","0% (0/0)","0% (0/0)","0% (0/0)","119_Covid/26.covid_19_testing_infographic_557x1024.png","Early symptoms in most COVID-19 patients include f","The accuracy of any diagnostic test depends on man","A cloth face mask won't totally block the coronavi","What are the early signs of detection of the coronavirus?","How reliable is the test for COVID-19?","Can face masks protect me from the coronavirus disease?"
"30EV7DWJTUU3IRLIFP20IBLVQVWY6P","3BEAH6X9Z79DGA1G3RDQ4JMC4BM8SF","Ask questions about Coronavirus infographics","Ask questions about a COVID infographic image.","question, answer, text, infographics, COVID, SARS-CoV-2","$0.06","Fri Oct 02 02:09:55 PDT 2020","1","BatchId:4205275;OriginalHitTemplateId:928390828;","10800","604800","Fri Oct 09 02:09:55 PDT 2020","","","3FIUS151DV18GDNINZUIBMN4UYIGGR","A304PUXIRA930J","Submitted","Fri Oct 02 02:31:32 PDT 2020","Fri Oct 02 02:41:38 PDT 2020","Fri Oct 09 02:41:38 PDT 2020","","","","606","100% (1/1)","0% (0/0)","0% (0/0)","119_Covid/58.avoiding_covid_19_update_e44657.png","Before touching the mask, clean your hands","wash you hands after cough or sneezing.","","How to properly wear a medical mask?","How one can protect themselves and others from covid-19?",""
"3JGHED38ECQMMRZNYZ7SOPLRL6GY7O","3BEAH6X9Z79DGA1G3RDQ4JMC4BM8SF","Ask questions about Coronavirus infographics","Ask questions about a COVID infographic image.","question, answer, text, infographics, COVID, SARS-CoV-2","$0.06","Fri Oct 02 02:09:55 PDT 2020","1","BatchId:4205275;OriginalHitTemplateId:928390828;","10800","604800","Fri Oct 09 02:09:55 PDT 2020","","","3JAOYWH7VI39NVEBKKLOWX6PM23L95","A24EYX9Y59UEIZ","Submitted","Fri Oct 02 02:12:21 PDT 2020","Fri Oct 02 02:53:19 PDT 2020","Fri Oct 09 02:53:19 PDT 2020","","","","2458","0% (0/0)","0% (0/0)","0% (0/0)","119_Covid/52.how_do_coronavirus_diagnostic_tests_work_333798.jpg","Molecular testing","Serological testing","After 2 days antibodies attack coronavirus","What test is used to analyse the virus?","Which test is taken to identify antibodies?","When antibodies work after corono virus affected?"
"337F8MIIMYCS69LJOTYCTL7XIRC046","3BEAH6X9Z79DGA1G3RDQ4JMC4BM8SF","Ask questions about Coronavirus infographics","Ask questions about a COVID infographic image.","question, answer, text, infographics, COVID, SARS-CoV-2","$0.06","Fri Oct 02 02:09:55 PDT 2020","1","BatchId:4205275;OriginalHitTemplateId:928390828;","10800","604800","Fri Oct 09 02:09:55 PDT 2020","","","3VHP9MDGRNJPL1BIATSH3A2DVRRFCI","ADMYEPI3S1FX0","Submitted","Fri Oct 02 02:36:35 PDT 2020","Fri Oct 02 02:38:07 PDT 2020","Fri Oct 09 02:38:07 PDT 2020","","","","92","0% (0/0)","0% (0/0)","0% (0/0)","119_Covid/22.coronavirus_social_distancing_infographic_by_the_lancet_1_636x1024.png","2.6%","3.1%","5.5%","What is the chance of infection or transmission if you distance with 1m or more?","What is the chance of infection or transmission if you wear face masks?","What is the chance of infection or transmission if you wear eye protection?"
"39KV3A5D176PQ5NEZTF363XQ4LL7SK","3BEAH6X9Z79DGA1G3RDQ4JMC4BM8SF","Ask questions about Coronavirus infographics","Ask questions about a COVID infographic image.","question, answer, text, infographics, COVID, SARS-CoV-2","$0.06","Fri Oct 02 02:09:55 PDT 2020","1","BatchId:4205275;OriginalHitTemplateId:928390828;","10800","604800","Fri Oct 09 02:09:55 PDT 2020","","","3EJPLAJKEMF6A1TH1E9LK2QLBAA6Z5","A31CNXHGR49DJR","Submitted","Fri Oct 02 02:36:16 PDT 2020","Fri Oct 02 02:39:58 PDT 2020","Fri Oct 09 02:39:58 PDT 2020","","","","222","100% (25/25)","0% (0/0)","0% (0/0)","119_Covid/60.crh_covid_backtoschool_0720_final_blogf9574d243b1467178349ff000018dc92.jpg","Wash your hands","Younger than 2","14 days after exposure","What should you do before putting on your mask?","At what age should a child not wear a mask?","How long should a person quarantine?"
"35F6NGNVM7IQ550TOTKTG8TC64Z7T9","3BEAH6X9Z79DGA1G3RDQ4JMC4BM8SF","Ask questions about Coronavirus infographics","Ask questions about a COVID infographic image.","question, answer, text, infographics, COVID, SARS-CoV-2","$0.06","Fri Oct 02 02:09:55 PDT 2020","1","BatchId:4205275;OriginalHitTemplateId:928390828;","10800","604800","Fri Oct 09 02:09:55 PDT 2020","","","378XPAWRUCCL2DGARN2B0CPHBGRAIV","A24EYX9Y59UEIZ","Submitted","Fri Oct 02 02:12:23 PDT 2020","Fri Oct 02 03:10:34 PDT 2020","Fri Oct 09 03:10:34 PDT 2020","","","","3491","0% (0/0)","0% (0/0)","0% (0/0)","119_Covid/79.coronavirus_handwashing_social_1000x1000.png","Soap and disinfectant liquid","Scrub 20 seconds","Dry with a Towel","What should you use to wash your hands?","How Long you have to wash your hands?","What should you do after washing your hands?"
"336OE47KI1JK8C5J1WSK96GEWGNVWE","3BEAH6X9Z79DGA1G3RDQ4JMC4BM8SF","Ask questions about Coronavirus infographics","Ask questions about a COVID infographic image.","question, answer, text, infographics, COVID, SARS-CoV-2","$0.06","Fri Oct 02 02:09:55 PDT 2020","1","BatchId:4205275;OriginalHitTemplateId:928390828;","10800","604800","Fri Oct 09 02:09:55 PDT 2020","","","3HMVI3QICJRBYPIFZMVLBZQ2X5IY10","A24EYX9Y59UEIZ","Submitted","Fri Oct 02 02:12:17 PDT 2020","Fri Oct 02 02:41:34 PDT 2020","Fri Oct 09 02:41:34 PDT 2020","","","","1757","0% (0/0)","0% (0/0)","0% (0/0)","119_Covid/31.5f1afd85f0f4190ad95e38b3.jpg","Wear Mask","Keep Social distancing","Cover your mouth with a cloth or tissue","When you will be stand near by sick people what should i do?","What will you do if you are in more crowd?","What should you do if you have cough and sneezing?"
"30QQTY5GMJJ55IFIOYA3L4FEPI67U0","3BEAH6X9Z79DGA1G3RDQ4JMC4BM8SF","Ask questions about Coronavirus infographics","Ask questions about a COVID infographic image.","question, answer, text, infographics, COVID, SARS-CoV-2","$0.06","Fri Oct 02 02:09:55 PDT 2020","1","BatchId:4205275;OriginalHitTemplateId:928390828;","10800","604800","Fri Oct 09 02:09:55 PDT 2020","","","3NVC2EB65QY78SWUMQ94ZS5ZVPWY3S","A3TKUXUTDX6FBF","Submitted","Fri Oct 02 02:12:20 PDT 2020","Fri Oct 02 02:18:00 PDT 2020","Fri Oct 09 02:18:00 PDT 2020","","","","340","100% (12/12)","0% (0/0)","0% (0/0)","119_Covid/85.covid_19_pui_milk_in_neonatal_settings2_309x400.png","Pack with the clean plastic zip lock bag.","","","How to pack the sealed milk container?","",""
"3L2OEKSTW89QM54684ZY2PHMWQMY8B","3BEAH6X9Z79DGA1G3RDQ4JMC4BM8SF","Ask questions about Coronavirus infographics","Ask questions about a COVID infographic image.","question, answer, text, infographics, COVID, SARS-CoV-2","$0.06","Fri Oct 02 02:09:55 PDT 2020","1","BatchId:4205275;OriginalHitTemplateId:928390828;","10800","604800","Fri Oct 09 02:09:55 PDT 2020","","","3CFJTT4SXTP3JBICKKQRQLNRA8L7I1","A3K82VQX10R4E4","Submitted","Fri Oct 02 02:11:58 PDT 2020","Fri Oct 02 02:17:32 PDT 2020","Fri Oct 09 02:17:32 PDT 2020","","","","334","0% (0/0)","0% (0/0)","0% (0/0)","119_Covid/41.5e9e8c0a49c06.image.jpg","There are 3 available ICU beds","At present, there are 15,750 employees","Yes, currently there are 5,458 at risk.","How many ICU beds are there?","What is the total number of employers?","Are there people over 65 at risk in this area?"
"379OL9DBSRDQ0ANGDW5C2LCXGW4Y90","3BEAH6X9Z79DGA1G3RDQ4JMC4BM8SF","Ask questions about Coronavirus infographics","Ask questions about a COVID infographic image.","question, answer, text, infographics, COVID, SARS-CoV-2","$0.06","Fri Oct 02 02:09:55 PDT 2020","1","BatchId:4205275;OriginalHitTemplateId:928390828;","10800","604800","Fri Oct 09 02:09:55 PDT 2020","","","3NGMS9VZTLHWODVS1VIIBGNGS4FFFP","AYWN7BX8BHMI7","Submitted","Fri Oct 02 02:17:31 PDT 2020","Fri Oct 02 02:19:42 PDT 2020","Fri Oct 09 02:19:42 PDT 2020","","","","131","0% (0/0)","0% (0/0)","0% (0/0)","119_Covid/36.coronavirus_infographic_web_worldaware.jpg","20 sec","2-14 days","Via respiratory droplets","How long should you wash your hands with soap and water?","What is the estimated incubation period of COVID-19?","What is the way of transmission of COVID-19?"
"3S1L4CQSFW4Y52GQ0CRO9VG1G3XAFV","3BEAH6X9Z79DGA1G3RDQ4JMC4BM8SF","Ask questions about Coronavirus infographics","Ask questions about a COVID infographic image.","question, answer, text, infographics, COVID, SARS-CoV-2","$0.06","Fri Oct 02 02:09:56 PDT 2020","1","BatchId:4205275;OriginalHitTemplateId:928390828;","10800","604800","Fri Oct 09 02:09:56 PDT 2020","","","37M28K1J0QCHXO0G95NBCD4HOVKAJB","A2GMPM9J1XU785","Submitted","Fri Oct 02 02:21:18 PDT 2020","Fri Oct 02 02:28:27 PDT 2020","Fri Oct 09 02:28:27 PDT 2020","","","","429","0% (0/0)","0% (0/0)","0% (0/0)","119_Covid/93.uct_covid19_infographic_digital_240.jpg","By social distancing","","","How can the spread of coronavirus be slow down ?","",""
"3DGDV62G7N8LRCAG10UEF7B76LS2PJ","3BEAH6X9Z79DGA1G3RDQ4JMC4BM8SF","Ask questions about Coronavirus infographics","Ask questions about a COVID infographic image.","question, answer, text, infographics, COVID, SARS-CoV-2","$0.06","Fri Oct 02 02:09:56 PDT 2020","1","BatchId:4205275;OriginalHitTemplateId:928390828;","10800","604800","Fri Oct 09 02:09:56 PDT 2020","","","3K3R2QNK8B2C6L15TYDPNK28ZX4U9O","A13H9X451TPXLE","Submitted","Fri Oct 02 09:10:57 PDT 2020","Fri Oct 02 09:22:06 PDT 2020","Fri Oct 09 09:22:06 PDT 2020","","","","669","0% (0/0)","0% (0/0)","0% (0/0)","119_Covid/81.life_after_covid_infographics__all_v2_1.jpg","Shortness of breath or difficulty breathing.","","","What are the most common symptoms of COVID-19?","",""
"3XUSYT70IS05654CH4Z5WP13V45D0W","3BEAH6X9Z79DGA1G3RDQ4JMC4BM8SF","Ask questions about Coronavirus infographics","Ask questions about a COVID infographic image.","question, answer, text, infographics, COVID, SARS-CoV-2","$0.06","Fri Oct 02 02:09:56 PDT 2020","1","BatchId:4205275;OriginalHitTemplateId:928390828;","10800","604800","Fri Oct 09 02:09:56 PDT 2020","","","31UV0MXWNQBOW74TWRBUS19VJ5QI53","A182N7RLXGSCZG","Submitted","Fri Oct 02 08:40:24 PDT 2020","Fri Oct 02 08:41:28 PDT 2020","Fri Oct 09 08:41:28 PDT 2020","","","","64","0% (0/0)","0% (0/0)","0% (0/0)","119_Covid/28.safety_guide_infographic_new_normal_by_europol_1024x1024.jpg","Back up data and use strong passwords","","","How do I keep safe while being online?","",""
"3NZ1E5QA6Y0BMFST0EEBIU9U9R45B2","3BEAH6X9Z79DGA1G3RDQ4JMC4BM8SF","Ask questions about Coronavirus infographics","Ask questions about a COVID infographic image.","question, answer, text, infographics, COVID, SARS-CoV-2","$0.06","Fri Oct 02 02:09:56 PDT 2020","1","BatchId:4205275;OriginalHitTemplateId:928390828;","10800","604800","Fri Oct 09 02:09:56 PDT 2020","","","3L70J4KAZGL4U20OZ9109F94JBODA1","A304PUXIRA930J","Submitted","Fri Oct 02 02:26:08 PDT 2020","Fri Oct 02 02:31:17 PDT 2020","Fri Oct 09 02:31:17 PDT 2020","","","","309","100% (1/1)","0% (0/0)","0% (0/0)","119_Covid/64.7479969f1e6445558f8c553e18f26d61_18.jpg","Stay at home, self-isolate","Through small droplets from the nose or mouth","people with no symptoms can transmit the virus","What should I do if I have COVID-19 symptoms and when should I seek medical care?","How does COVID-19 spread?","Can COVID-19 be caught from a person who has no symptoms?"
"3JUDR1D0D5Q6ROBV1D93FC1HBHE2QA","3BEAH6X9Z79DGA1G3RDQ4JMC4BM8SF","Ask questions about Coronavirus infographics","Ask questions about a COVID infographic image.","question, answer, text, infographics, COVID, SARS-CoV-2","$0.06","Fri Oct 02 02:09:56 PDT 2020","1","BatchId:4205275;OriginalHitTemplateId:928390828;","10800","604800","Fri Oct 09 02:09:56 PDT 2020","","","37Q970SNZE7E23660G3WTD21GKSS1M","ADMYEPI3S1FX0","Submitted","Fri Oct 02 02:29:15 PDT 2020","Fri Oct 02 02:31:01 PDT 2020","Fri Oct 09 02:31:01 PDT 2020","","","","106","0% (0/0)","0% (0/0)","0% (0/0)","119_Covid/70.22691.jpeg","-58%","-47%","-56%","How much tourism has Coronavirus cut in Europe?","How much tourism has Coronavirus cut in Africa?","How much tourism has Coronavirus cut in the world?"
"3WGCNLZJKE75DUPUDN35AUKD0WBD1Z","3BEAH6X9Z79DGA1G3RDQ4JMC4BM8SF","Ask questions about Coronavirus infographics","Ask questions about a COVID infographic image.","question, answer, text, infographics, COVID, SARS-CoV-2","$0.06","Fri Oct 02 02:09:56 PDT 2020","1","BatchId:4205275;OriginalHitTemplateId:928390828;","10800","604800","Fri Oct 09 02:09:56 PDT 2020","","","3JBT3HLQF81EK7BMGA8UQ2H26FVPZP","A18H3EK547GHD4","Submitted","Fri Oct 02 02:17:20 PDT 2020","Fri Oct 02 02:19:52 PDT 2020","Fri Oct 09 02:19:52 PDT 2020","","","","152","0% (0/0)","0% (0/0)","0% (0/0)","119_Covid/87.2020_infographic_covid_19_wash_hands_1.svg","At least 20 seconds.","Handwashing.","Eyes, nose and mouth.","How long should you wash your hands?","What is the best protection against the flu?","What are the areas on your face that you should avoid touching?"
"3OKP4QVBP1W4J2CLBWX6RGGDHIXAGU","3BEAH6X9Z79DGA1G3RDQ4JMC4BM8SF","Ask questions about Coronavirus infographics","Ask questions about a COVID infographic image.","question, answer, text, infographics, COVID, SARS-CoV-2","$0.06","Fri Oct 02 02:09:56 PDT 2020","1","BatchId:4205275;OriginalHitTemplateId:928390828;","10800","604800","Fri Oct 09 02:09:56 PDT 2020","","","3SITXWYCNV8NBIAXWN28YXW2HBJBXU","A3TKUXUTDX6FBF","Submitted","Fri Oct 02 02:18:47 PDT 2020","Fri Oct 02 02:22:21 PDT 2020","Fri Oct 09 02:22:21 PDT 2020","","","","214","100% (12/12)","0% (0/0)","0% (0/0)","119_Covid/78.idea.int_20_40int_idea_20_282_29.png","The information available at www.idea.int.","","","Where need to find the prevention & migration data and analysis?","",""
"3OID399FXF6W39J2KMIQZWO716UFD2","3BEAH6X9Z79DGA1G3RDQ4JMC4BM8SF","Ask questions about Coronavirus infographics","Ask questions about a COVID infographic image.","question, answer, text, infographics, COVID, SARS-CoV-2","$0.06","Fri Oct 02 02:09:56 PDT 2020","1","BatchId:4205275;OriginalHitTemplateId:928390828;","10800","604800","Fri Oct 09 02:09:56 PDT 2020","","","3RXCAC0YIROTNYH041IUJ9666JCG8Q","A13H9X451TPXLE","Submitted","Fri Oct 02 09:22:11 PDT 2020","Fri Oct 02 09:25:29 PDT 2020","Fri Oct 09 09:25:29 PDT 2020","","","","198","0% (0/0)","0% (0/0)","0% (0/0)","119_Covid/110.20894.jpeg","Fatigue: Headache, loss of smell, cough.","","","What are the ""levels"" of COVID-19 symptoms?","",""
"3XU9MCX6VNB63PQVESY3K2BM73G2RB","3BEAH6X9Z79DGA1G3RDQ4JMC4BM8SF","Ask questions about Coronavirus infographics","Ask questions about a COVID infographic image.","question, answer, text, infographics, COVID, SARS-CoV-2","$0.06","Fri Oct 02 02:09:56 PDT 2020","1","BatchId:4205275;OriginalHitTemplateId:928390828;","10800","604800","Fri Oct 09 02:09:56 PDT 2020","","","3C8HJ7UOP7T8Z4E9OUG29YN71C3ZMQ","A2430EUQIS04BA","Submitted","Fri Oct 02 05:40:57 PDT 2020","Fri Oct 02 06:06:43 PDT 2020","Fri Oct 09 06:06:43 PDT 2020","","","","1546","0% (0/0)","0% (0/0)","0% (0/0)","119_Covid/66.hr_ngc_s0420_covid_19_dps_infographic_mkg_1024x670.jpg","Take quarantine in my home","Give quarantine to whole employees","Yes","if you are sick, what will you do?","30% employees have corona what will do?","Is construction firms has doing safe works?"
"3909MD9T2YG1VFX2GHTA5E6S1IVFEV","3BEAH6X9Z79DGA1G3RDQ4JMC4BM8SF","Ask questions about Coronavirus infographics","Ask questions about a COVID infographic image.","question, answer, text, infographics, COVID, SARS-CoV-2","$0.06","Fri Oct 02 02:09:56 PDT 2020","1","BatchId:4205275;OriginalHitTemplateId:928390828;","10800","604800","Fri Oct 09 02:09:56 PDT 2020","","","3QAVNHZ3EM3NSEOGCQZOSSH9SLULAV","A2PU0O2EMQQ058","Submitted","Fri Oct 02 02:46:26 PDT 2020","Fri Oct 02 02:49:29 PDT 2020","Fri Oct 09 02:49:29 PDT 2020","","","","183","0% (0/0)","0% (0/0)","0% (0/0)","119_Covid/97.ifsatcu_groceries_infographic_06_04_2020.png","They must be placed on the ground near the entranc","At least 20 s","Wash and sanitize them after each use","Where do we put the shopping bags when we get home?","How long do you have to wash your hands?","What do we do if we use reusable bags?"
"37OPIVELUT2IJY7WV2FOCGSEWIAAHT","3BEAH6X9Z79DGA1G3RDQ4JMC4BM8SF","Ask questions about Coronavirus infographics","Ask questions about a COVID infographic image.","question, answer, text, infographics, COVID, SARS-CoV-2","$0.06","Fri Oct 02 02:09:56 PDT 2020","1","BatchId:4205275;OriginalHitTemplateId:928390828;","10800","604800","Fri Oct 09 02:09:56 PDT 2020","","","3PZDLQMM0TK5K7Z6MYDAJR8OMNE2CD","A3TKUXUTDX6FBF","Submitted","Fri Oct 02 02:43:42 PDT 2020","Fri Oct 02 02:45:56 PDT 2020","Fri Oct 09 02:45:56 PDT 2020","","","","134","100% (12/12)","0% (0/0)","0% (0/0)","119_Covid/67.itf_covid_transport_infographic_poster_600.jpg","Mask & Gloves, Hand sanitizer and protective wear.","","","What are personal protective equipment?","",""
"3E9VAUV7BVD45TXL52JCYGNHMEMYAF","3BEAH6X9Z79DGA1G3RDQ4JMC4BM8SF","Ask questions about Coronavirus infographics","Ask questions about a COVID infographic image.","question, answer, text, infographics, COVID, SARS-CoV-2","$0.06","Fri Oct 02 02:09:56 PDT 2020","1","BatchId:4205275;OriginalHitTemplateId:928390828;","10800","604800","Fri Oct 09 02:09:56 PDT 2020","","","3IX2EGZR7BI9W5MXBG9X73TROZ9JRT","AU3UQGQLZSY61","Submitted","Fri Oct 02 02:27:09 PDT 2020","Fri Oct 02 02:34:29 PDT 2020","Fri Oct 09 02:34:29 PDT 2020","","","","440","0% (0/0)","0% (0/0)","0% (0/0)","119_Covid/4.clothing_masks_infographic_web__part_1.png","fever,cold....etc","we should throw only in the garbage","while going outside we should were a mask.","What symptoms do you have in corona virus?","where should we throw the tissue after using?","when should be we use the mask?"
"3I01FDIL6L7C2F7QWR3JFDUIS2PD2G","3BEAH6X9Z79DGA1G3RDQ4JMC4BM8SF","Ask questions about Coronavirus infographics","Ask questions about a COVID infographic image.","question, answer, text, infographics, COVID, SARS-CoV-2","$0.06","Fri Oct 02 02:09:56 PDT 2020","1","BatchId:4205275;OriginalHitTemplateId:928390828;","10800","604800","Fri Oct 09 02:09:56 PDT 2020","","","3A4NIXBJ76YOUFX59TPT1JC9M4GLMG","AX5Z7FE13R5E1","Submitted","Fri Oct 02 09:03:58 PDT 2020","Fri Oct 02 09:13:11 PDT 2020","Fri Oct 09 09:13:11 PDT 2020","","","","553","0% (0/0)","0% (0/0)","0% (0/0)","119_Covid/92.english_ia_infographic_covid.jpg","Yes, Its a current fast spread seasonal virus.","Throat pain, cold and cough and trouble to breath","Yes its a deadly dangerous virus of 2020.","Is COVID-19 is a seasonal flu virus?","What are the symptons of COVID-19?","Is it a damn dangerous virus?"
"3UOMW19E6C5UWKKZEEA6TEFCRC45C9","3BEAH6X9Z79DGA1G3RDQ4JMC4BM8SF","Ask questions about Coronavirus infographics","Ask questions about a COVID infographic image.","question, answer, text, infographics, COVID, SARS-CoV-2","$0.06","Fri Oct 02 02:09:56 PDT 2020","1","BatchId:4205275;OriginalHitTemplateId:928390828;","10800","604800","Fri Oct 09 02:09:56 PDT 2020","","","3WETL7AQWT7964MABO47OV760L153U","A23BGNP50WTKI2","Submitted","Fri Oct 02 02:38:11 PDT 2020","Fri Oct 02 02:41:34 PDT 2020","Fri Oct 09 02:41:34 PDT 2020","","","","203","100% (30/30)","0% (0/0)","0% (0/0)","119_Covid/24.850c5c07_b34a_4c85_9d3e_ef299d7a475f_w776_r0.png","Yes","At March 17, 2020","In Thailand","Are  there any crackdown on journalists due to covid-19 in Venezuela?","When was Guardian reporter expelled in Egypt?","In which country the state of emergency gives the government more control over the press on March 26?"
"3BO3NEOQMZGIFTIG1KX9CSTTWVPAIM","3BEAH6X9Z79DGA1G3RDQ4JMC4BM8SF","Ask questions about Coronavirus infographics","Ask questions about a COVID infographic image.","question, answer, text, infographics, COVID, SARS-CoV-2","$0.06","Fri Oct 02 02:09:56 PDT 2020","1","BatchId:4205275;OriginalHitTemplateId:928390828;","10800","604800","Fri Oct 09 02:09:56 PDT 2020","","","3UNH76FOCS48UE44S8EJVRE5VJ6MYV","A32EGCSY5MLY51","Submitted","Fri Oct 02 08:16:18 PDT 2020","Fri Oct 02 08:17:39 PDT 2020","Fri Oct 09 08:17:39 PDT 2020","","","","81","0% (0/0)","0% (0/0)","0% (0/0)","119_Covid/96.wash_your_hands.jpg","yes","yes","yes","corona virus is dangerous","lock down","pandamic"
"3VZYA8PITNXA2SPJ2YHMYDDBIN705B","3BEAH6X9Z79DGA1G3RDQ4JMC4BM8SF","Ask questions about Coronavirus infographics","Ask questions about a COVID infographic image.","question, answer, text, infographics, COVID, SARS-CoV-2","$0.06","Fri Oct 02 02:09:56 PDT 2020","1","BatchId:4205275;OriginalHitTemplateId:928390828;","10800","604800","Fri Oct 09 02:09:56 PDT 2020","","","3PJ71Z61R41WXOA7RA35CIXBOX619P","ADMYEPI3S1FX0","Submitted","Fri Oct 02 02:39:35 PDT 2020","Fri Oct 02 02:40:42 PDT 2020","Fri Oct 09 02:40:42 PDT 2020","","","","67","0% (0/0)","0% (0/0)","0% (0/0)","119_Covid/48.arcgisprofull.png","72,258","25,897","5,650","What is the population of Redlands?","How many households are in Redlands?","How many household with dissability in Redlands?"
"3B286OTISDGEA42MJ2I9OT8T9AEAJY","3BEAH6X9Z79DGA1G3RDQ4JMC4BM8SF","Ask questions about Coronavirus infographics","Ask questions about a COVID infographic image.","question, answer, text, infographics, COVID, SARS-CoV-2","$0.06","Fri Oct 02 02:09:56 PDT 2020","1","BatchId:4205275;OriginalHitTemplateId:928390828;","10800","604800","Fri Oct 09 02:09:56 PDT 2020","","","3Z7ISHFUH0UTEFC5UT6J4GMCH5WZ8G","AYWN7BX8BHMI7","Submitted","Fri Oct 02 02:19:48 PDT 2020","Fri Oct 02 02:21:46 PDT 2020","Fri Oct 09 02:21:46 PDT 2020","","","","118","0% (0/0)","0% (0/0)","0% (0/0)","119_Covid/37.handler.ashx.jpg","Soap and water","","","What should you use to wash your pet's accessories?","",""
"3RWSQDNYL8LT1TXYBSDGNWRSDJAFFD","3BEAH6X9Z79DGA1G3RDQ4JMC4BM8SF","Ask questions about Coronavirus infographics","Ask questions about a COVID infographic image.","question, answer, text, infographics, COVID, SARS-CoV-2","$0.06","Fri Oct 02 02:09:56 PDT 2020","1","BatchId:4205275;OriginalHitTemplateId:928390828;","10800","604800","Fri Oct 09 02:09:56 PDT 2020","","","3MX2NQ3YC9TLM2TOVDBVVBWA7FXX5F","A23BGNP50WTKI2","Submitted","Fri Oct 02 02:19:53 PDT 2020","Fri Oct 02 02:22:45 PDT 2020","Fri Oct 09 02:22:45 PDT 2020","","","","172","100% (30/30)","0% (0/0)","0% (0/0)","119_Covid/22.nepal_20covid_19_20response_20infographic_final_0.jpg","20000 children","64 health institutions","1000 doctors","How many children were in target in Nepal?","How many health institutions were supported?","How many doctors were in target?"
"3BAWBGQGYKY5IX4ITOK8HQHX3PF7VP","3BEAH6X9Z79DGA1G3RDQ4JMC4BM8SF","Ask questions about Coronavirus infographics","Ask questions about a COVID infographic image.","question, answer, text, infographics, COVID, SARS-CoV-2","$0.06","Fri Oct 02 02:09:56 PDT 2020","1","BatchId:4205275;OriginalHitTemplateId:928390828;","10800","604800","Fri Oct 09 02:09:56 PDT 2020","","","39RP059MEHSCH6BTIG0ZNGG4A70BMB","AYWN7BX8BHMI7","Submitted","Fri Oct 02 02:22:35 PDT 2020","Fri Oct 02 02:23:10 PDT 2020","Fri Oct 09 02:23:10 PDT 2020","","","","35","0% (0/0)","0% (0/0)","0% (0/0)","119_Covid/60.covid_19_20graphic_2002_20final.png","An alcohol-based hand sanitizer","","","What type of hand sanitizer should you use for your hands?","",""
"3XQ4XW3OD8BI44Q8THY8ACGIT5Z2SZ","3BEAH6X9Z79DGA1G3RDQ4JMC4BM8SF","Ask questions about Coronavirus infographics","Ask questions about a COVID infographic image.","question, answer, text, infographics, COVID, SARS-CoV-2","$0.06","Fri Oct 02 02:09:57 PDT 2020","1","BatchId:4205275;OriginalHitTemplateId:928390828;","10800","604800","Fri Oct 09 02:09:57 PDT 2020","","","3N2BF7Y2VQTM8JEFI8AV9RJ25LAHM4","A31CNXHGR49DJR","Submitted","Fri Oct 02 02:45:22 PDT 2020","Fri Oct 02 02:50:32 PDT 2020","Fri Oct 09 02:50:32 PDT 2020","","","","310","100% (25/25)","0% (0/0)","0% (0/0)","119_Covid/90.5e9e8c0a42c7c.image.jpg","2.34","$48,356","19-34","What is the average household size?","What is the median household income?","Which ages have the highest total with no health insurance?"
"3P7RGTLO6DC9LO841NILP886OZEAKX","3BEAH6X9Z79DGA1G3RDQ4JMC4BM8SF","Ask questions about Coronavirus infographics","Ask questions about a COVID infographic image.","question, answer, text, infographics, COVID, SARS-CoV-2","$0.06","Fri Oct 02 02:09:57 PDT 2020","1","BatchId:4205275;OriginalHitTemplateId:928390828;","10800","604800","Fri Oct 09 02:09:57 PDT 2020","","","3X87C8JFV6A2J7QNLVTBUEA9OXNSQM","A304PUXIRA930J","Submitted","Fri Oct 02 02:41:48 PDT 2020","Fri Oct 02 02:47:49 PDT 2020","Fri Oct 09 02:47:49 PDT 2020","","","","361","100% (1/1)","0% (0/0)","0% (0/0)","119_Covid/69._5binfographic_5d_20covid_19_20survey_20results.jpg","It seems quite positive.","In my point of vies its Finance sector.","","How has the health crisis affected your business thus far?","which business domain has been impacted the most?",""
"3NI0WFPPI8F6LWPX7HRRQJRBEII06R","3BEAH6X9Z79DGA1G3RDQ4JMC4BM8SF","Ask questions about Coronavirus infographics","Ask questions about a COVID infographic image.","question, answer, text, infographics, COVID, SARS-CoV-2","$0.06","Fri Oct 02 02:09:57 PDT 2020","1","BatchId:4205275;OriginalHitTemplateId:928390828;","10800","604800","Fri Oct 09 02:09:57 PDT 2020","","","3D4CH1LGEAST130A9TO8J51HQTQ9GC","AAQSF8BAN645A","Submitted","Fri Oct 02 23:22:39 PDT 2020","Fri Oct 02 23:35:12 PDT 2020","Fri Oct 09 23:35:12 PDT 2020","","","","753","0% (0/0)","0% (0/0)","0% (0/0)","119_Covid/30.everything_covid_19_1024x836.png","Yes, He was attacked by the COVID 19 virus?","On 16th June.","He recover from corona, But not definitely.","Was he attack by  the COVID 19 virus?","When did he was attacked by the corona?","Will he definitely recover from the corona?"
"32PT7WK7DLE1NX390RHOYNZAYGPD3R","3BEAH6X9Z79DGA1G3RDQ4JMC4BM8SF","Ask questions about Coronavirus infographics","Ask questions about a COVID infographic image.","question, answer, text, infographics, COVID, SARS-CoV-2","$0.06","Fri Oct 02 02:09:57 PDT 2020","1","BatchId:4205275;OriginalHitTemplateId:928390828;","10800","604800","Fri Oct 09 02:09:57 PDT 2020","","","3YDGXNSEOZTDBIOG90GTAK93GAW84G","A3MGTGM9LXXKY9","Submitted","Fri Oct 02 02:29:28 PDT 2020","Fri Oct 02 02:33:20 PDT 2020","Fri Oct 09 02:33:20 PDT 2020","","","","232","0% (0/0)","0% (0/0)","0% (0/0)","119_Covid/49.nrd_2043_covid_19_rareinsights_fact_sheet_8x11_fnl_pdf.jpg","it shows 69% concerns in the supplying shortage","772 people roughly","it looks bad as it's a 29% so far","Do you think people concern about their medical supplies?","How many people involved in the COVID survey?","How bad the crisis affect the employment rate?"
"3NFWQRSHVDDZFTTTMCJY5HR4EYAFGC","3BEAH6X9Z79DGA1G3RDQ4JMC4BM8SF","Ask questions about Coronavirus infographics","Ask questions about a COVID infographic image.","question, answer, text, infographics, COVID, SARS-CoV-2","$0.06","Fri Oct 02 02:09:57 PDT 2020","1","BatchId:4205275;OriginalHitTemplateId:928390828;","10800","604800","Fri Oct 09 02:09:57 PDT 2020","","","3B837J3LDOV2V85NYAIBZ4KEKIHSRD","A24EYX9Y59UEIZ","Submitted","Fri Oct 02 02:12:25 PDT 2020","Fri Oct 02 03:04:28 PDT 2020","Fri Oct 09 03:04:28 PDT 2020","","","","3123","0% (0/0)","0% (0/0)","0% (0/0)","119_Covid/34.1536230_yemen_covid_weekly_snapshot_20_september_v1.png","2030","11.7","980","How many people affected corono virus in yemen?","How many Oxygen Cylinder is used?","How many ICU Beds are there in yemen?"
"3FO95NVK5BZZ8O7T87D9BKOQ5XESR3","3BEAH6X9Z79DGA1G3RDQ4JMC4BM8SF","Ask questions about Coronavirus infographics","Ask questions about a COVID infographic image.","question, answer, text, infographics, COVID, SARS-CoV-2","$0.06","Fri Oct 02 02:09:57 PDT 2020","1","BatchId:4205275;OriginalHitTemplateId:928390828;","10800","604800","Fri Oct 09 02:09:57 PDT 2020","","","3UNH76FOCS48UE44S8EJVRE5VGIMY1","ADMYEPI3S1FX0","Submitted","Fri Oct 02 02:24:04 PDT 2020","Fri Oct 02 02:28:07 PDT 2020","Fri Oct 09 02:28:07 PDT 2020","","","","243","0% (0/0)","0% (0/0)","0% (0/0)","119_Covid/50.eu_response_covid_19_infographic_en.jpg","â¬3.1 Billion","500,000+","â¬800 Million","How much is the additional EU budget for crisis response?","How many EU citizens have been repatriated?","How much is the EU Solidarity Fund for public health crisis?"
"3TLFH2L6Y8NJJ43NIH3YKHC4VOD2TO","3BEAH6X9Z79DGA1G3RDQ4JMC4BM8SF","Ask questions about Coronavirus infographics","Ask questions about a COVID infographic image.","question, answer, text, infographics, COVID, SARS-CoV-2","$0.06","Fri Oct 02 02:09:57 PDT 2020","1","BatchId:4205275;OriginalHitTemplateId:928390828;","10800","604800","Fri Oct 09 02:09:57 PDT 2020","","","3NVC2EB65QY78SWUMQ94ZS5ZVRFY3F","A26Z3YPJ8RYJQJ","Submitted","Fri Oct 02 05:28:48 PDT 2020","Fri Oct 02 05:31:08 PDT 2020","Fri Oct 09 05:31:08 PDT 2020","","","","140","0% (0/0)","0% (0/0)","0% (0/0)","119_Covid/40.covid19_dialisis_dutch.jpg","Make sure your mouth and nose are covered","yes, it is good to know your baseline","whenever they feel soiled","How do properly wear a mask?","Should I keep a record of my temperature?","How often should I wash my hands?"
"3VGET1QSZZYIXM4NJYP43S0BAYH7WZ","3BEAH6X9Z79DGA1G3RDQ4JMC4BM8SF","Ask questions about Coronavirus infographics","Ask questions about a COVID infographic image.","question, answer, text, infographics, COVID, SARS-CoV-2","$0.06","Fri Oct 02 02:09:57 PDT 2020","1","BatchId:4205275;OriginalHitTemplateId:928390828;","10800","604800","Fri Oct 09 02:09:57 PDT 2020","","","3RSDURM96ALAIQCRBAQ0IJ9WMETEY6","AG0SGDZ4YUPNF","Submitted","Fri Oct 02 02:32:36 PDT 2020","Fri Oct 02 02:36:18 PDT 2020","Fri Oct 09 02:36:18 PDT 2020","","","","222","0% (0/0)","0% (0/0)","0% (0/0)","119_Covid/45.coronavirus_impact_planning_report_st_charles_page_1.png","8,180","60,397","Less","How Many House Holds are below Poverty leve?","How Many Peoples are about 65 age?","People with no health insurance is less or More?"
"36JW4WBR05JDFPO46I1GQH35TYNFHB","3BEAH6X9Z79DGA1G3RDQ4JMC4BM8SF","Ask questions about Coronavirus infographics","Ask questions about a COVID infographic image.","question, answer, text, infographics, COVID, SARS-CoV-2","$0.06","Fri Oct 02 02:09:57 PDT 2020","1","BatchId:4205275;OriginalHitTemplateId:928390828;","10800","604800","Fri Oct 09 02:09:57 PDT 2020","","","3Z4AIRP3C6CMYKS5UQ9JSLJTVZU1X3","A3MGTGM9LXXKY9","Submitted","Fri Oct 02 02:24:27 PDT 2020","Fri Oct 02 02:29:28 PDT 2020","Fri Oct 09 02:29:28 PDT 2020","","","","301","0% (0/0)","0% (0/0)","0% (0/0)","119_Covid/89.th_200813_infographic_covid19_a4_v7_01_web.jpg","yes, as it may have less demand","roughly 15% down","badly hits especially in retail and recreation","Will the COVID crisis affect import/export business?","How many percentages in Tourism declined in Q1, 2020?","How bad the COVID hits Thailand consumption sector?"
"3J94SKDEKHO41CQDEA5HDKXUCCG5D9","3BEAH6X9Z79DGA1G3RDQ4JMC4BM8SF","Ask questions about Coronavirus infographics","Ask questions about a COVID infographic image.","question, answer, text, infographics, COVID, SARS-CoV-2","$0.06","Fri Oct 02 02:09:57 PDT 2020","1","BatchId:4205275;OriginalHitTemplateId:928390828;","10800","604800","Fri Oct 09 02:09:57 PDT 2020","","","33FBRBDW6OYG6M1V2FMBTILR8OF8CX","A3V8WQO07KE3F0","Submitted","Fri Oct 02 02:38:47 PDT 2020","Fri Oct 02 02:40:45 PDT 2020","Fri Oct 09 02:40:45 PDT 2020","","","","118","0% (0/0)","0% (0/0)","0% (0/0)","119_Covid/13.780_covid_19_education_infographic.jpg","Human capital declines","","","What is a long term cost of Covid-19","",""
"3UQ1LLR2697K5UQMMNUM48LLDZJAL0","3BEAH6X9Z79DGA1G3RDQ4JMC4BM8SF","Ask questions about Coronavirus infographics","Ask questions about a COVID infographic image.","question, answer, text, infographics, COVID, SARS-CoV-2","$0.06","Fri Oct 02 02:09:57 PDT 2020","1","BatchId:4205275;OriginalHitTemplateId:928390828;","10800","604800","Fri Oct 09 02:09:57 PDT 2020","","","3PW9OPU9PQJLX4P861OQ2VPXIRX21Z","A2TEWO3WJ5YKGG","Submitted","Fri Oct 02 02:41:56 PDT 2020","Fri Oct 02 05:20:49 PDT 2020","Fri Oct 09 05:20:49 PDT 2020","","","","9533","0% (0/0)","0% (0/0)","0% (0/0)","119_Covid/61.infographics_2_new_small.jpg","Soap, water, alcohol based hand rub.","Eyes, nose and mouth.","","What should be used to wash hands?","What should you avoid touching?",""